#SampleID	BarcodeSequence	LinkerPrimerSequence	PCR.Sample.Plate	Sample.Plate.Well	Primer.Plate.Used	Primer.Plate.Well	PrimerName	Sequencing_Run	Description	MouseID	Sex	Litter	Genotype	Site	Site_General	code	SampleType	Sex_Genotype	Subset	ASV_Sample_Order
SLCDTT142	CTTCGACTTTCC	TTTTTTTT	Plate19	D1	5	D1	806rcbc420	SLCMicrobiome	SLCDTT142	814	Male	seven	MUT	Ileum	SI	S142	Mucosal	Male_MUT	Mucosal_SI	0
SLCDTT143	GTCATAAGAACC	TTTTTTTT	Plate19	D2	5	D2	806rcbc421	SLCMicrobiome	SLCDTT143	814	Male	seven	MUT	Jejunum	SI	S143	Mucosal	Male_MUT	Mucosal_SI	1
SLCDTT144	GTCCGCAAGTTA	TTTTTTTT	Plate19	D3	5	D3	806rcbc422	SLCMicrobiome	SLCDTT144	814	Male	seven	MUT	Duodenum	SI	S144	Mucosal	Male_MUT	Mucosal_SI	2
SLCDTT145	GGAATTATCGGT	TTTTTTTT	Plate19	A1	5	A1	806rcbc384	SLCMicrobiome	SLCDTT145	1094	Male	eight	WT	Distal_Colon	Colon	S145	Mucosal	Male_WT	Mucosal_Colon	3
SLCDTT146	CATCAAGCATAG	TTTTTTTT	Plate19	A2	5	A2	806rcbc385	SLCMicrobiome	SLCDTT146	1094	Male	eight	WT	Proximal_Colon	Colon	S146	Mucosal	Male_WT	Mucosal_Colon	4
SLCDTT147	CATCGCGTTGAC	TTTTTTTT	Plate19	A3	5	A3	806rcbc386	SLCMicrobiome	SLCDTT147	1094	Male	eight	WT	Cecum	Colon	S147	Mucosal	Male_WT	Mucosal_Colon	5
SLCDTT148	GCACATAGTCGT	TTTTTTTT	Plate19	A4	5	A4	806rcbc387	SLCMicrobiome	SLCDTT148	1094	Male	eight	WT	Ileum	SI	S148	Mucosal	Male_WT	Mucosal_SI	6
SLCDTT149	GGCAAATACACT	TTTTTTTT	Plate19	A5	5	A5	806rcbc388	SLCMicrobiome	SLCDTT149	1094	Male	eight	WT	Jejunum	SI	S149	Mucosal	Male_WT	Mucosal_SI	7
SLCDTT150	GTCATGCTCCAG	TTTTTTTT	Plate19	A6	5	A6	806rcbc389	SLCMicrobiome	SLCDTT150	1094	Male	eight	WT	Duodenum	SI	S150	Mucosal	Male_WT	Mucosal_SI	8
SLCDTT151	CCTAGTAAGCTG	TTTTTTTT	Plate19	A7	5	A7	806rcbc390	SLCMicrobiome	SLCDTT151	1093	Male	eight	HET	Distal_Colon	Colon	S151	Mucosal	Male_HET	Mucosal_Colon	9
SLCDTT152	TTACCGACGAGT	TTTTTTTT	Plate19	A8	5	A8	806rcbc391	SLCMicrobiome	SLCDTT152	1093	Male	eight	HET	Proximal_Colon	Colon	S152	Mucosal	Male_HET	Mucosal_Colon	10
SLCDTT153	GCTTAGATGTAG	TTTTTTTT	Plate19	A9	5	A9	806rcbc392	SLCMicrobiome	SLCDTT153	1093	Male	eight	HET	Cecum	Colon	S153	Mucosal	Male_HET	Mucosal_Colon	11
SLCDTT154	AAGACGTAGCGG	TTTTTTTT	Plate19	A10	5	A10	806rcbc393	SLCMicrobiome	SLCDTT154	1093	Male	eight	HET	Ileum	SI	S154	Mucosal	Male_HET	Mucosal_SI	12
SLCDTT155	TTACCTTACACC	TTTTTTTT	Plate19	A11	5	A11	806rcbc394	SLCMicrobiome	SLCDTT155	1093	Male	eight	HET	Jejunum	SI	S155	Mucosal	Male_HET	Mucosal_SI	13
SLCDTT156	TGACTAATGGCC	TTTTTTTT	Plate19	A12	5	A12	806rcbc395	SLCMicrobiome	SLCDTT156	1093	Male	eight	HET	Duodenum	SI	S156	Mucosal	Male_HET	Mucosal_SI	14
SLCDTT157	CTCTCTCACTTG	TTTTTTTT	Plate19	B1	5	B1	806rcbc396	SLCMicrobiome	SLCDTT157	1095	Male	eight	MUT	Distal_Colon	Colon	S157	Mucosal	Male_MUT	Mucosal_Colon	15
SLCDTT158	ATTGCAAGCAAC	TTTTTTTT	Plate19	B2	5	B2	806rcbc397	SLCMicrobiome	SLCDTT158	1095	Male	eight	MUT	Proximal_Colon	Colon	S158	Mucosal	Male_MUT	Mucosal_Colon	16
SLCDTT159	CACGTGACATGT	TTTTTTTT	Plate19	B3	5	B3	806rcbc398	SLCMicrobiome	SLCDTT159	1095	Male	eight	MUT	Cecum	Colon	S159	Mucosal	Male_MUT	Mucosal_Colon	17
SLCDTT160	CACAGTTGAAGT	TTTTTTTT	Plate19	B4	5	B4	806rcbc399	SLCMicrobiome	SLCDTT160	1095	Male	eight	MUT	Ileum	SI	S160	Mucosal	Male_MUT	Mucosal_SI	18
SLCDTT161	CTAGGATCACTG	TTTTTTTT	Plate19	B5	5	B5	806rcbc400	SLCMicrobiome	SLCDTT161	1095	Male	eight	MUT	Jejunum	SI	S161	Mucosal	Male_MUT	Mucosal_SI	19
SLCDTT162	GATGACCCAAAT	TTTTTTTT	Plate19	B6	5	B6	806rcbc401	SLCMicrobiome	SLCDTT162	1095	Male	eight	MUT	Duodenum	SI	S162	Mucosal	Male_MUT	Mucosal_SI	20
SLCDTT163	ACCGGAGTAGGA	TTTTTTTT	Plate19	B7	5	B7	806rcbc402	SLCMicrobiome	SLCDTT163	1088	Male	nine	WT	Distal_Colon	Colon	S163	Mucosal	Male_WT	Mucosal_Colon	21
SLCDTT164	TGAGGACTACCT	TTTTTTTT	Plate19	B8	5	B8	806rcbc403	SLCMicrobiome	SLCDTT164	1088	Male	nine	WT	Proximal_Colon	Colon	S164	Mucosal	Male_WT	Mucosal_Colon	22
SLCDTT165	CAATCGGCTTGC	TTTTTTTT	Plate19	B9	5	B9	806rcbc404	SLCMicrobiome	SLCDTT165	1088	Male	nine	WT	Cecum	Colon	S165	Mucosal	Male_WT	Mucosal_Colon	23
SLCDTT166	AACACTCGATCG	TTTTTTTT	Plate19	B10	5	B10	806rcbc405	SLCMicrobiome	SLCDTT166	1088	Male	nine	WT	Ileum	SI	S166	Mucosal	Male_WT	Mucosal_SI	24
SLCDTT167	TGACCGGCTGTT	TTTTTTTT	Plate19	B11	5	B11	806rcbc406	SLCMicrobiome	SLCDTT167	1088	Male	nine	WT	Jejunum	SI	S167	Mucosal	Male_WT	Mucosal_SI	25
SLCDTT168	GGAGGAGCAATA	TTTTTTTT	Plate19	B12	5	B12	806rcbc407	SLCMicrobiome	SLCDTT168	1088	Male	nine	WT	Duodenum	SI	S168	Mucosal	Male_WT	Mucosal_SI	26
SLCDTT169	AGCGACGAAGAC	TTTTTTTT	Plate19	C1	5	C1	806rcbc408	SLCMicrobiome	SLCDTT169	1086	Male	nine	HET	Distal_Colon	Colon	S169	Mucosal	Male_HET	Mucosal_Colon	27
SLCDTT170	CTTCCCTAACTC	TTTTTTTT	Plate19	C2	5	C2	806rcbc409	SLCMicrobiome	SLCDTT170	1086	Male	nine	HET	Proximal_Colon	Colon	S170	Mucosal	Male_HET	Mucosal_Colon	28
SLCDTT171	TGGAAGAACGGC	TTTTTTTT	Plate19	C3	5	C3	806rcbc410	SLCMicrobiome	SLCDTT171	1086	Male	nine	HET	Cecum	Colon	S171	Mucosal	Male_HET	Mucosal_Colon	29
SLCDTT172	GCTAGACACTAC	TTTTTTTT	Plate19	C4	5	C4	806rcbc411	SLCMicrobiome	SLCDTT172	1086	Male	nine	HET	Ileum	SI	S172	Mucosal	Male_HET	Mucosal_SI	30
SLCDTT173	TTGGATTGAACG	TTTTTTTT	Plate19	C5	5	C5	806rcbc412	SLCMicrobiome	SLCDTT173	1086	Male	nine	HET	Jejunum	SI	S173	Mucosal	Male_HET	Mucosal_SI	31
SLCDTT174	GATATACCAGTG	TTTTTTTT	Plate19	C6	5	C6	806rcbc413	SLCMicrobiome	SLCDTT174	1086	Male	nine	HET	Duodenum	SI	S174	Mucosal	Male_HET	Mucosal_SI	32
SLCDTT175	AACAAACTGCCA	TTTTTTTT	Plate19	C7	5	C7	806rcbc414	SLCMicrobiome	SLCDTT175	1089	Male	nine	MUT	Distal_Colon	Colon	S175	Mucosal	Male_MUT	Mucosal_Colon	33
SLCDTT176	GTAGACATGTGT	TTTTTTTT	Plate19	C8	5	C8	806rcbc415	SLCMicrobiome	SLCDTT176	1089	Male	nine	MUT	Proximal_Colon	Colon	S176	Mucosal	Male_MUT	Mucosal_Colon	34
SLCDTT177	TACAGTTACGCG	TTTTTTTT	Plate19	C9	5	C9	806rcbc416	SLCMicrobiome	SLCDTT177	1089	Male	nine	MUT	Cecum	Colon	S177	Mucosal	Male_MUT	Mucosal_Colon	35
SLCDTT178	CAAGCCCTAGTA	TTTTTTTT	Plate19	C10	5	C10	806rcbc417	SLCMicrobiome	SLCDTT178	1089	Male	nine	MUT	Ileum	SI	S178	Mucosal	Male_MUT	Mucosal_SI	36
SLCDTT179	TAGTGTCGGATC	TTTTTTTT	Plate19	C11	5	C11	806rcbc418	SLCMicrobiome	SLCDTT179	1089	Male	nine	MUT	Jejunum	SI	S179	Mucosal	Male_MUT	Mucosal_SI	37
SLCDTT180	CTGAGCTCTGCA	TTTTTTTT	Plate19	C12	5	C12	806rcbc419	SLCMicrobiome	SLCDTT180	1089	Male	nine	MUT	Duodenum	SI	S180	Mucosal	Male_MUT	Mucosal_SI	38
SLCFP142	CATACACGCACC	TTTTTTTT	Plate19	E10	5	E10	806rcbc441	SLCMicrobiome	SLCFP142	814	Male	seven	MUT	Ileum	SI	S142	Luminal	Male_MUT	Luminal_SI	39
SLCFP143	ACCTCAGTCAAG	TTTTTTTT	Plate19	E11	5	E11	806rcbc442	SLCMicrobiome	SLCFP143	814	Male	seven	MUT	Jejunum	SI	S143	Luminal	Male_MUT	Luminal_SI	40
SLCFP144	TCGACCAAACAC	TTTTTTTT	Plate19	E12	5	E12	806rcbc443	SLCMicrobiome	SLCFP144	814	Male	seven	MUT	Duodenum	SI	S144	Luminal	Male_MUT	Luminal_SI	41
SLCFP145	CCACCCAGTAAC	TTTTTTTT	Plate19	F1	5	F1	806rcbc444	SLCMicrobiome	SLCFP145	1094	Male	eight	WT	Distal_Colon	Colon	S145	Luminal	Male_WT	Luminal_Colon	42
SLCFP146	ATATCGCGATGA	TTTTTTTT	Plate19	F2	5	F2	806rcbc445	SLCMicrobiome	SLCFP146	1094	Male	eight	WT	Proximal_Colon	Colon	S146	Luminal	Male_WT	Luminal_Colon	43
SLCFP147	CGCCGGTAATCT	TTTTTTTT	Plate19	F3	5	F3	806rcbc446	SLCMicrobiome	SLCFP147	1094	Male	eight	WT	Cecum	Colon	S147	Luminal	Male_WT	Luminal_Colon	44
SLCFP148	CCGATGCCTTGA	TTTTTTTT	Plate19	F4	5	F4	806rcbc447	SLCMicrobiome	SLCFP148	1094	Male	eight	WT	Ileum	SI	S148	Luminal	Male_WT	Luminal_SI	45
SLCFP149	AGCAGGCACGAA	TTTTTTTT	Plate19	F5	5	F5	806rcbc448	SLCMicrobiome	SLCFP149	1094	Male	eight	WT	Jejunum	SI	S149	Luminal	Male_WT	Luminal_SI	46
SLCFP150	TACGCAGCACTA	TTTTTTTT	Plate19	F6	5	F6	806rcbc449	SLCMicrobiome	SLCFP150	1094	Male	eight	WT	Duodenum	SI	S150	Luminal	Male_WT	Luminal_SI	47
SLCFP151	CGCTTAGTGCTG	TTTTTTTT	Plate19	F7	5	F7	806rcbc450	SLCMicrobiome	SLCFP151	1093	Male	eight	HET	Distal_Colon	Colon	S151	Luminal	Male_HET	Luminal_Colon	48
SLCFP152	CAAAGTTTGCGA	TTTTTTTT	Plate19	F8	5	F8	806rcbc451	SLCMicrobiome	SLCFP152	1093	Male	eight	HET	Proximal_Colon	Colon	S152	Luminal	Male_HET	Luminal_Colon	49
SLCFP153	TCGAGCCGATCT	TTTTTTTT	Plate19	F9	5	F9	806rcbc452	SLCMicrobiome	SLCFP153	1093	Male	eight	HET	Cecum	Colon	S153	Luminal	Male_HET	Luminal_Colon	50
SLCFP154	CTCATCATGTTC	TTTTTTTT	Plate19	F10	5	F10	806rcbc453	SLCMicrobiome	SLCFP154	1093	Male	eight	HET	Ileum	SI	S154	Luminal	Male_HET	Luminal_SI	51
SLCFP155	CCAGGGACTTCT	TTTTTTTT	Plate19	F11	5	F11	806rcbc454	SLCMicrobiome	SLCFP155	1093	Male	eight	HET	Jejunum	SI	S155	Luminal	Male_HET	Luminal_SI	52
SLCFP156	GCAATCCTTGCG	TTTTTTTT	Plate19	F12	5	F12	806rcbc455	SLCMicrobiome	SLCFP156	1093	Male	eight	HET	Duodenum	SI	S156	Luminal	Male_HET	Luminal_SI	53
SLCFP157	CCTGCTTCCTTC	TTTTTTTT	Plate19	G1	5	G1	806rcbc456	SLCMicrobiome	SLCFP157	1095	Male	eight	MUT	Distal_Colon	Colon	S157	Luminal	Male_MUT	Luminal_Colon	54
SLCFP158	CAAGGCACAAGG	TTTTTTTT	Plate19	G2	5	G2	806rcbc457	SLCMicrobiome	SLCFP158	1095	Male	eight	MUT	Proximal_Colon	Colon	S158	Luminal	Male_MUT	Luminal_Colon	55
SLCFP159	GGCCTATAAGTC	TTTTTTTT	Plate19	G3	5	G3	806rcbc458	SLCMicrobiome	SLCFP159	1095	Male	eight	MUT	Cecum	Colon	S159	Luminal	Male_MUT	Luminal_Colon	56
SLCFP160	TCCATTTCATGC	TTTTTTTT	Plate19	G4	5	G4	806rcbc459	SLCMicrobiome	SLCFP160	1095	Male	eight	MUT	Ileum	SI	S160	Luminal	Male_MUT	Luminal_SI	57
SLCFP161	TCGGCGATCATC	TTTTTTTT	Plate19	G5	5	G5	806rcbc460	SLCMicrobiome	SLCFP161	1095	Male	eight	MUT	Jejunum	SI	S161	Luminal	Male_MUT	Luminal_SI	58
SLCFP162	GTTTCACGCGAA	TTTTTTTT	Plate19	G6	5	G6	806rcbc461	SLCMicrobiome	SLCFP162	1095	Male	eight	MUT	Duodenum	SI	S162	Luminal	Male_MUT	Luminal_SI	59
SLCFP163	ACAAGAACCTTG	TTTTTTTT	Plate19	G7	5	G7	806rcbc462	SLCMicrobiome	SLCFP163	1088	Male	nine	WT	Distal_Colon	Colon	S163	Luminal	Male_WT	Luminal_Colon	60
SLCFP164	TACTCTCTTAGC	TTTTTTTT	Plate19	G8	5	G8	806rcbc463	SLCMicrobiome	SLCFP164	1088	Male	nine	WT	Proximal_Colon	Colon	S164	Luminal	Male_WT	Luminal_Colon	61
SLCFP165	AACTGTTCGCGC	TTTTTTTT	Plate19	G9	5	G9	806rcbc464	SLCMicrobiome	SLCFP165	1088	Male	nine	WT	Cecum	Colon	S165	Luminal	Male_WT	Luminal_Colon	62
SLCFP166	CGAAGCATCTAC	TTTTTTTT	Plate19	G10	5	G10	806rcbc465	SLCMicrobiome	SLCFP166	1088	Male	nine	WT	Ileum	SI	S166	Luminal	Male_WT	Luminal_SI	63
SLCFP167	GTTTGGCCACAC	TTTTTTTT	Plate19	G11	5	G11	806rcbc466	SLCMicrobiome	SLCFP167	1088	Male	nine	WT	Jejunum	SI	S167	Luminal	Male_WT	Luminal_SI	64
SLCFP168	TCAGGTTGCCCA	TTTTTTTT	Plate19	G12	5	G12	806rcbc467	SLCMicrobiome	SLCFP168	1088	Male	nine	WT	Duodenum	SI	S168	Luminal	Male_WT	Luminal_SI	65
SLCFP169	TCATTCCACTCA	TTTTTTTT	Plate19	H1	5	H1	806rcbc468	SLCMicrobiome	SLCFP169	1086	Male	nine	HET	Distal_Colon	Colon	S169	Luminal	Male_HET	Luminal_Colon	66
SLCFP170	GTCACATCACGA	TTTTTTTT	Plate19	H2	5	H2	806rcbc469	SLCMicrobiome	SLCFP170	1086	Male	nine	HET	Proximal_Colon	Colon	S170	Luminal	Male_HET	Luminal_Colon	67
SLCFP171	CGACATTTCTCT	TTTTTTTT	Plate19	H3	5	H3	806rcbc470	SLCMicrobiome	SLCFP171	1086	Male	nine	HET	Cecum	Colon	S171	Luminal	Male_HET	Luminal_Colon	68
SLCFP172	GGACGTTAACTA	TTTTTTTT	Plate19	H4	5	H4	806rcbc471	SLCMicrobiome	SLCFP172	1086	Male	nine	HET	Ileum	SI	S172	Luminal	Male_HET	Luminal_SI	69
SLCFP173	TAGCAGTTGCGT	TTTTTTTT	Plate19	H5	5	H5	806rcbc472	SLCMicrobiome	SLCFP173	1086	Male	nine	HET	Jejunum	SI	S173	Luminal	Male_HET	Luminal_SI	70
SLCFP174	CACGCTATTGGA	TTTTTTTT	Plate19	H6	5	H6	806rcbc473	SLCMicrobiome	SLCFP174	1086	Male	nine	HET	Duodenum	SI	S174	Luminal	Male_HET	Luminal_SI	71
SLCFP175	AACTTCACTTCC	TTTTTTTT	Plate19	H7	5	H7	806rcbc474	SLCMicrobiome	SLCFP175	1089	Male	nine	MUT	Distal_Colon	Colon	S175	Luminal	Male_MUT	Luminal_Colon	72
SLCFP176	CCAGTGGATATA	TTTTTTTT	Plate19	H8	5	H8	806rcbc475	SLCMicrobiome	SLCFP176	1089	Male	nine	MUT	Proximal_Colon	Colon	S176	Luminal	Male_MUT	Luminal_Colon	73
SLCFP177	TGTGTGTAACGC	TTTTTTTT	Plate19	H9	5	H9	806rcbc476	SLCMicrobiome	SLCFP177	1089	Male	nine	MUT	Cecum	Colon	S177	Luminal	Male_MUT	Luminal_Colon	74
SLCFP178	CCAATCGTGCAA	TTTTTTTT	Plate19	H10	5	H10	806rcbc477	SLCMicrobiome	SLCFP178	1089	Male	nine	MUT	Ileum	SI	S178	Luminal	Male_MUT	Luminal_SI	75
SLCFP179	AGGCTAGCAGAG	TTTTTTTT	Plate19	H11	5	H11	806rcbc478	SLCMicrobiome	SLCFP179	1089	Male	nine	MUT	Jejunum	SI	S179	Luminal	Male_MUT	Luminal_SI	76
SLCFP180	GTCACTCCGAAC	TTTTTTTT	Plate19	H12	5	H12	806rcbc479	SLCMicrobiome	SLCFP180	1089	Male	nine	MUT	Duodenum	SI	S180	Luminal	Male_MUT	Luminal_SI	77
SLCdtt001	ATGTCACCGCTG	TTTTTTTT	20NOVA-06	H7	1	H7	806rcbc90	SLC	SLCdtt001	318	Female	one	WT	Distal_Colon	Colon	S001	Mucosal	Female_WT	Mucosal_Colon	78
SLCdtt002	TGTAACGCCGAT	TTTTTTTT	20NOVA-06	H8	1	H8	806rcbc91	SLC	SLCdtt002	318	Female	one	WT	Proximal_Colon	Colon	S002	Mucosal	Female_WT	Mucosal_Colon	79
SLCdtt003	AGCAGAACATCT	TTTTTTTT	20NOVA-06	H9	1	H9	806rcbc92	SLC	SLCdtt003	318	Female	one	WT	Cecum	Colon	S003	Mucosal	Female_WT	Mucosal_Colon	80
SLCdtt004	TGGAGTAGGTGG	TTTTTTTT	20NOVA-06	H10	1	H10	806rcbc93	SLC	SLCdtt004	318	Female	one	WT	Ileum	SI	S004	Mucosal	Female_WT	Mucosal_SI	81
SLCdtt005	TTGGCTCTATTC	TTTTTTTT	20NOVA-06	H11	1	H11	806rcbc94	SLC	SLCdtt005	318	Female	one	WT	Jejunum	SI	S005	Mucosal	Female_WT	Mucosal_SI	82
SLCdtt006	GATCCCACGTAC	TTTTTTTT	20NOVA-06	H12	1	H12	806rcbc95	SLC	SLCdtt006	318	Female	one	WT	Duodenum	SI	S006	Mucosal	Female_WT	Mucosal_SI	83
SLCdtt007	GGAATTATCGGT	TTTTTTTT	20NOVA-01	A1	5	A1	806rcbc384	SLC	SLCdtt007	315	Female	one	HET	Distal_Colon	Colon	S007	Mucosal	Female_HET	Mucosal_Colon	84
SLCdtt008	CATCAAGCATAG	TTTTTTTT	20NOVA-01	A2	5	A2	806rcbc385	SLC	SLCdtt008	315	Female	one	HET	Proximal_Colon	Colon	S008	Mucosal	Female_HET	Mucosal_Colon	85
SLCdtt009	CATCGCGTTGAC	TTTTTTTT	20NOVA-01	A3	5	A3	806rcbc386	SLC	SLCdtt009	315	Female	one	HET	Cecum	Colon	S009	Mucosal	Female_HET	Mucosal_Colon	86
SLCdtt010	GCACATAGTCGT	TTTTTTTT	20NOVA-01	A4	5	A4	806rcbc387	SLC	SLCdtt010	315	Female	one	HET	Ileum	SI	S010	Mucosal	Female_HET	Mucosal_SI	87
SLCdtt011	GGCAAATACACT	TTTTTTTT	20NOVA-01	A5	5	A5	806rcbc388	SLC	SLCdtt011	315	Female	one	HET	Jejunum	SI	S011	Mucosal	Female_HET	Mucosal_SI	88
SLCdtt012	GTCATGCTCCAG	TTTTTTTT	20NOVA-01	A6	5	A6	806rcbc389	SLC	SLCdtt012	315	Female	one	HET	Duodenum	SI	S012	Mucosal	Female_HET	Mucosal_SI	89
SLCdtt013	CCTAGTAAGCTG	TTTTTTTT	20NOVA-01	A7	5	A7	806rcbc390	SLC	SLCdtt013	316	Female	one	MUT	Distal_Colon	Colon	S013	Mucosal	Female_MUT	Mucosal_Colon	90
SLCdtt014	TTACCGACGAGT	TTTTTTTT	20NOVA-01	A8	5	A8	806rcbc391	SLC	SLCdtt014	316	Female	one	MUT	Proximal_Colon	Colon	S014	Mucosal	Female_MUT	Mucosal_Colon	91
SLCdtt015	GCTTAGATGTAG	TTTTTTTT	20NOVA-01	A9	5	A9	806rcbc392	SLC	SLCdtt015	316	Female	one	MUT	Cecum	Colon	S015	Mucosal	Female_MUT	Mucosal_Colon	92
SLCdtt016	AAGACGTAGCGG	TTTTTTTT	20NOVA-01	A10	5	A10	806rcbc393	SLC	SLCdtt016	316	Female	one	MUT	Ileum	SI	S016	Mucosal	Female_MUT	Mucosal_SI	93
SLCdtt017	TTACCTTACACC	TTTTTTTT	20NOVA-01	A11	5	A11	806rcbc394	SLC	SLCdtt017	316	Female	one	MUT	Jejunum	SI	S017	Mucosal	Female_MUT	Mucosal_SI	94
SLCdtt018	TGACTAATGGCC	TTTTTTTT	20NOVA-01	A12	5	A12	806rcbc395	SLC	SLCdtt018	316	Female	one	MUT	Duodenum	SI	S018	Mucosal	Female_MUT	Mucosal_SI	95
SLCdtt019	CTCTCTCACTTG	TTTTTTTT	20NOVA-01	B1	5	B1	806rcbc396	SLC	SLCdtt019	313	Male	one	WT	Distal_Colon	Colon	S019	Mucosal	Male_WT	Mucosal_Colon	96
SLCdtt020	ATTGCAAGCAAC	TTTTTTTT	20NOVA-01	B2	5	B2	806rcbc397	SLC	SLCdtt020	313	Male	one	WT	Proximal_Colon	Colon	S020	Mucosal	Male_WT	Mucosal_Colon	97
SLCdtt021	CACGTGACATGT	TTTTTTTT	20NOVA-01	B3	5	B3	806rcbc398	SLC	SLCdtt021	313	Male	one	WT	Cecum	Colon	S021	Mucosal	Male_WT	Mucosal_Colon	98
SLCdtt022	CACAGTTGAAGT	TTTTTTTT	20NOVA-01	B4	5	B4	806rcbc399	SLC	SLCdtt022	313	Male	one	WT	Ileum	SI	S022	Mucosal	Male_WT	Mucosal_SI	99
SLCdtt023	CTAGGATCACTG	TTTTTTTT	20NOVA-01	B5	5	B5	806rcbc400	SLC	SLCdtt023	313	Male	one	WT	Jejunum	SI	S023	Mucosal	Male_WT	Mucosal_SI	100
SLCdtt024	GATGACCCAAAT	TTTTTTTT	20NOVA-01	B6	5	B6	806rcbc401	SLC	SLCdtt024	313	Male	one	WT	Duodenum	SI	S024	Mucosal	Male_WT	Mucosal_SI	101
SLCdtt025	ACCGGAGTAGGA	TTTTTTTT	20NOVA-01	B7	5	B7	806rcbc402	SLC	SLCdtt025	312	Male	one	HET	Distal_Colon	Colon	S025	Mucosal	Male_HET	Mucosal_Colon	102
SLCdtt026	TGAGGACTACCT	TTTTTTTT	20NOVA-01	B8	5	B8	806rcbc403	SLC	SLCdtt026	312	Male	one	HET	Proximal_Colon	Colon	S026	Mucosal	Male_HET	Mucosal_Colon	103
SLCdtt027	CAATCGGCTTGC	TTTTTTTT	20NOVA-01	B9	5	B9	806rcbc404	SLC	SLCdtt027	312	Male	one	HET	Cecum	Colon	S027	Mucosal	Male_HET	Mucosal_Colon	104
SLCdtt028	AACACTCGATCG	TTTTTTTT	20NOVA-01	B10	5	B10	806rcbc405	SLC	SLCdtt028	312	Male	one	HET	Ileum	SI	S028	Mucosal	Male_HET	Mucosal_SI	105
SLCdtt029	TGACCGGCTGTT	TTTTTTTT	20NOVA-01	B11	5	B11	806rcbc406	SLC	SLCdtt029	312	Male	one	HET	Jejunum	SI	S029	Mucosal	Male_HET	Mucosal_SI	106
SLCdtt030	GGAGGAGCAATA	TTTTTTTT	20NOVA-01	B12	5	B12	806rcbc407	SLC	SLCdtt030	312	Male	one	HET	Duodenum	SI	S030	Mucosal	Male_HET	Mucosal_SI	107
SLCdtt031	AGCGACGAAGAC	TTTTTTTT	20NOVA-01	C1	5	C1	806rcbc408	SLC	SLCdtt031	314	Male	one	MUT	Distal_Colon	Colon	S031	Mucosal	Male_MUT	Mucosal_Colon	108
SLCdtt032	CTTCCCTAACTC	TTTTTTTT	20NOVA-01	C2	5	C2	806rcbc409	SLC	SLCdtt032	314	Male	one	MUT	Proximal_Colon	Colon	S032	Mucosal	Male_MUT	Mucosal_Colon	109
SLCdtt033	TGGAAGAACGGC	TTTTTTTT	20NOVA-01	C3	5	C3	806rcbc410	SLC	SLCdtt033	314	Male	one	MUT	Cecum	Colon	S033	Mucosal	Male_MUT	Mucosal_Colon	110
SLCdtt034	GCTAGACACTAC	TTTTTTTT	20NOVA-01	C4	5	C4	806rcbc411	SLC	SLCdtt034	314	Male	one	MUT	Ileum	SI	S034	Mucosal	Male_MUT	Mucosal_SI	111
SLCdtt035	TTGGATTGAACG	TTTTTTTT	20NOVA-01	C5	5	C5	806rcbc412	SLC	SLCdtt035	314	Male	one	MUT	Jejunum	SI	S035	Mucosal	Male_MUT	Mucosal_SI	112
SLCdtt036	GATATACCAGTG	TTTTTTTT	20NOVA-01	C6	5	C6	806rcbc413	SLC	SLCdtt036	314	Male	one	MUT	Duodenum	SI	S036	Mucosal	Male_MUT	Mucosal_SI	113
SLCdtt037	AACAAACTGCCA	TTTTTTTT	20NOVA-01	C7	5	C7	806rcbc414	SLC	SLCdtt037	302	Male	two	HET	Distal_Colon	Colon	S037	Mucosal	Male_HET	Mucosal_Colon	114
SLCdtt038	GTAGACATGTGT	TTTTTTTT	20NOVA-01	C8	5	C8	806rcbc415	SLC	SLCdtt038	302	Male	two	HET	Proximal_Colon	Colon	S038	Mucosal	Male_HET	Mucosal_Colon	115
SLCdtt039	TACAGTTACGCG	TTTTTTTT	20NOVA-01	C9	5	C9	806rcbc416	SLC	SLCdtt039	302	Male	two	HET	Cecum	Colon	S039	Mucosal	Male_HET	Mucosal_Colon	116
SLCdtt040	CAAGCCCTAGTA	TTTTTTTT	20NOVA-01	C10	5	C10	806rcbc417	SLC	SLCdtt040	302	Male	two	HET	Ileum	SI	S040	Mucosal	Male_HET	Mucosal_SI	117
SLCdtt041	TAGTGTCGGATC	TTTTTTTT	20NOVA-01	C11	5	C11	806rcbc418	SLC	SLCdtt041	302	Male	two	HET	Jejunum	SI	S041	Mucosal	Male_HET	Mucosal_SI	118
SLCdtt042	CTGAGCTCTGCA	TTTTTTTT	20NOVA-01	C12	5	C12	806rcbc419	SLC	SLCdtt042	302	Male	two	HET	Duodenum	SI	S042	Mucosal	Male_HET	Mucosal_SI	119
SLCdtt043	GTCATAAGAACC	TTTTTTTT	20NOVA-01	D2	5	D2	806rcbc421	SLC	SLCdtt043	301	Male	two	MUT	Distal_Colon	Colon	S043	Mucosal	Male_MUT	Mucosal_Colon	120
SLCdtt044	GTCCGCAAGTTA	TTTTTTTT	20NOVA-01	D3	5	D3	806rcbc422	SLC	SLCdtt044	301	Male	two	MUT	Proximal_Colon	Colon	S044	Mucosal	Male_MUT	Mucosal_Colon	121
SLCdtt045	CGTAGAGCTCTC	TTTTTTTT	20NOVA-01	D4	5	D4	806rcbc423	SLC	SLCdtt045	301	Male	two	MUT	Cecum	Colon	S045	Mucosal	Male_MUT	Mucosal_Colon	122
SLCdtt046	CCTCTGAGAGCT	TTTTTTTT	20NOVA-01	D5	5	D5	806rcbc424	SLC	SLCdtt046	301	Male	two	MUT	Ileum	SI	S046	Mucosal	Male_MUT	Mucosal_SI	123
SLCdtt047	CCTCGATGCAGT	TTTTTTTT	20NOVA-01	D6	5	D6	806rcbc425	SLC	SLCdtt047	301	Male	two	MUT	Jejunum	SI	S047	Mucosal	Male_MUT	Mucosal_SI	124
SLCdtt048	GCGGACTATTCA	TTTTTTTT	20NOVA-01	D7	5	D7	806rcbc426	SLC	SLCdtt048	301	Male	two	MUT	Duodenum	SI	S048	Mucosal	Male_MUT	Mucosal_SI	125
SLCdtt049	CGTGCACAATTG	TTTTTTTT	20NOVA-01	D8	5	D8	806rcbc427	SLC	SLCdtt049	304	Male	two	WT	Distal_Colon	Colon	S049	Mucosal	Male_WT	Mucosal_Colon	126
SLCdtt050	CGGCCTAAGTTC	TTTTTTTT	20NOVA-01	D9	5	D9	806rcbc428	SLC	SLCdtt050	304	Male	two	WT	Proximal_Colon	Colon	S050	Mucosal	Male_WT	Mucosal_Colon	127
SLCdtt051	AGCGCTCACATC	TTTTTTTT	20NOVA-01	D10	5	D10	806rcbc429	SLC	SLCdtt051	304	Male	two	WT	Cecum	Colon	S051	Mucosal	Male_WT	Mucosal_Colon	128
SLCdtt052	TGGTTATGGCAC	TTTTTTTT	20NOVA-01	D11	5	D11	806rcbc430	SLC	SLCdtt052	304	Male	two	WT	Ileum	SI	S052	Mucosal	Male_WT	Mucosal_SI	129
SLCdtt053	CGAGGTTCTGAT	TTTTTTTT	20NOVA-01	D12	5	D12	806rcbc431	SLC	SLCdtt053	304	Male	two	WT	Jejunum	SI	S053	Mucosal	Male_WT	Mucosal_SI	130
SLCdtt054	AACTCCTGTGGA	TTTTTTTT	20NOVA-01	E1	5	E1	806rcbc432	SLC	SLCdtt054	304	Male	two	WT	Duodenum	SI	S054	Mucosal	Male_WT	Mucosal_SI	131
SLCdtt055	TAATGGTCGTAG	TTTTTTTT	20NOVA-01	E2	5	E2	806rcbc433	SLC	SLCdtt055	330	Female	three	HET	Distal_Colon	Colon	S055	Mucosal	Female_HET	Mucosal_Colon	132
SLCdtt056	TTGCACCGTCGA	TTTTTTTT	20NOVA-01	E3	5	E3	806rcbc434	SLC	SLCdtt056	330	Female	three	HET	Proximal_Colon	Colon	S056	Mucosal	Female_HET	Mucosal_Colon	133
SLCdtt057	TGCTACAGACGT	TTTTTTTT	20NOVA-01	E4	5	E4	806rcbc435	SLC	SLCdtt057	330	Female	three	HET	Cecum	Colon	S057	Mucosal	Female_HET	Mucosal_Colon	134
SLCdtt058	ATGGCCTGACTA	TTTTTTTT	20NOVA-01	E5	5	E5	806rcbc436	SLC	SLCdtt058	330	Female	three	HET	Ileum	SI	S058	Mucosal	Female_HET	Mucosal_SI	135
SLCdtt059	ACGCACATACAA	TTTTTTTT	20NOVA-01	E6	5	E6	806rcbc437	SLC	SLCdtt059	330	Female	three	HET	Jejunum	SI	S059	Mucosal	Female_HET	Mucosal_SI	136
SLCdtt060	TGAGTGGTCTGT	TTTTTTTT	20NOVA-01	E7	5	E7	806rcbc438	SLC	SLCdtt060	330	Female	three	HET	Duodenum	SI	S060	Mucosal	Female_HET	Mucosal_SI	137
SLCdtt061	GATAGCACTCGT	TTTTTTTT	20NOVA-01	E8	5	E8	806rcbc439	SLC	SLCdtt061	305	Female	two	MUT	Distal_Colon	Colon	S061	Mucosal	Female_MUT	Mucosal_Colon	138
SLCdtt062	TAGCGCGAACTT	TTTTTTTT	20NOVA-01	E9	5	E9	806rcbc440	SLC	SLCdtt062	305	Female	two	MUT	Proximal_Colon	Colon	S062	Mucosal	Female_MUT	Mucosal_Colon	139
SLCdtt063	CATACACGCACC	TTTTTTTT	20NOVA-01	E10	5	E10	806rcbc441	SLC	SLCdtt063	305	Female	two	MUT	Cecum	Colon	S063	Mucosal	Female_MUT	Mucosal_Colon	140
SLCdtt064	ACCTCAGTCAAG	TTTTTTTT	20NOVA-01	E11	5	E11	806rcbc442	SLC	SLCdtt064	305	Female	two	MUT	Ileum	SI	S064	Mucosal	Female_MUT	Mucosal_SI	141
SLCdtt065	TCGACCAAACAC	TTTTTTTT	20NOVA-01	E12	5	E12	806rcbc443	SLC	SLCdtt065	305	Female	two	MUT	Jejunum	SI	S065	Mucosal	Female_MUT	Mucosal_SI	142
SLCdtt066	CCACCCAGTAAC	TTTTTTTT	20NOVA-01	F1	5	F1	806rcbc444	SLC	SLCdtt066	305	Female	two	MUT	Duodenum	SI	S066	Mucosal	Female_MUT	Mucosal_SI	143
SLCdtt067	ATATCGCGATGA	TTTTTTTT	20NOVA-01	F2	5	F2	806rcbc445	SLC	SLCdtt067	329	Female	three	WT	Distal_Colon	Colon	S067	Mucosal	Female_WT	Mucosal_Colon	144
SLCdtt068	CGCCGGTAATCT	TTTTTTTT	20NOVA-01	F3	5	F3	806rcbc446	SLC	SLCdtt068	329	Female	three	WT	Proximal_Colon	Colon	S068	Mucosal	Female_WT	Mucosal_Colon	145
SLCdtt069	CCGATGCCTTGA	TTTTTTTT	20NOVA-01	F4	5	F4	806rcbc447	SLC	SLCdtt069	329	Female	three	WT	Cecum	Colon	S069	Mucosal	Female_WT	Mucosal_Colon	146
SLCdtt070	AGCAGGCACGAA	TTTTTTTT	20NOVA-01	F5	5	F5	806rcbc448	SLC	SLCdtt070	329	Female	three	WT	Ileum	SI	S070	Mucosal	Female_WT	Mucosal_SI	147
SLCdtt071	TACGCAGCACTA	TTTTTTTT	20NOVA-01	F6	5	F6	806rcbc449	SLC	SLCdtt071	329	Female	three	WT	Jejunum	SI	S071	Mucosal	Female_WT	Mucosal_SI	148
SLCdtt072	CGCTTAGTGCTG	TTTTTTTT	20NOVA-01	F7	5	F7	806rcbc450	SLC	SLCdtt072	329	Female	three	WT	Duodenum	SI	S072	Mucosal	Female_WT	Mucosal_SI	149
SLCdtt073	CAAAGTTTGCGA	TTTTTTTT	20NOVA-01	F8	5	F8	806rcbc451	SLC	SLCdtt073	361	Female	four	WT	Distal_Colon	Colon	S073	Mucosal	Female_WT	Mucosal_Colon	150
SLCdtt074	TCGAGCCGATCT	TTTTTTTT	20NOVA-01	F9	5	F9	806rcbc452	SLC	SLCdtt074	361	Female	four	WT	Proximal_Colon	Colon	S074	Mucosal	Female_WT	Mucosal_Colon	151
SLCdtt075	CTCATCATGTTC	TTTTTTTT	20NOVA-01	F10	5	F10	806rcbc453	SLC	SLCdtt075	361	Female	four	WT	Cecum	Colon	S075	Mucosal	Female_WT	Mucosal_Colon	152
SLCdtt076	CCAGGGACTTCT	TTTTTTTT	20NOVA-01	F11	5	F11	806rcbc454	SLC	SLCdtt076	361	Female	four	WT	Ileum	SI	S076	Mucosal	Female_WT	Mucosal_SI	153
SLCdtt077	GCAATCCTTGCG	TTTTTTTT	20NOVA-01	F12	5	F12	806rcbc455	SLC	SLCdtt077	361	Female	four	WT	Jejunum	SI	S077	Mucosal	Female_WT	Mucosal_SI	154
SLCdtt078	CCTGCTTCCTTC	TTTTTTTT	20NOVA-01	G1	5	G1	806rcbc456	SLC	SLCdtt078	361	Female	four	WT	Duodenum	SI	S078	Mucosal	Female_WT	Mucosal_SI	155
SLCdtt079	CAAGGCACAAGG	TTTTTTTT	20NOVA-01	G2	5	G2	806rcbc457	SLC	SLCdtt079	362	Female	four	HET	Distal_Colon	Colon	S079	Mucosal	Female_HET	Mucosal_Colon	156
SLCdtt080	GGCCTATAAGTC	TTTTTTTT	20NOVA-01	G3	5	G3	806rcbc458	SLC	SLCdtt080	362	Female	four	HET	Proximal_Colon	Colon	S080	Mucosal	Female_HET	Mucosal_Colon	157
SLCdtt081	TCCATTTCATGC	TTTTTTTT	20NOVA-01	G4	5	G4	806rcbc459	SLC	SLCdtt081	362	Female	four	HET	Cecum	Colon	S081	Mucosal	Female_HET	Mucosal_Colon	158
SLCdtt082	TCGGCGATCATC	TTTTTTTT	20NOVA-01	G5	5	G5	806rcbc460	SLC	SLCdtt082	362	Female	four	HET	Ileum	SI	S082	Mucosal	Female_HET	Mucosal_SI	159
SLCdtt083	GTTTCACGCGAA	TTTTTTTT	20NOVA-01	G6	5	G6	806rcbc461	SLC	SLCdtt083	362	Female	four	HET	Jejunum	SI	S083	Mucosal	Female_HET	Mucosal_SI	160
SLCdtt084	ACAAGAACCTTG	TTTTTTTT	20NOVA-01	G7	5	G7	806rcbc462	SLC	SLCdtt084	362	Female	four	HET	Duodenum	SI	S084	Mucosal	Female_HET	Mucosal_SI	161
SLCdtt085	TACTCTCTTAGC	TTTTTTTT	20NOVA-01	G8	5	G8	806rcbc463	SLC	SLCdtt085	360	Female	four	MUT	Distal_Colon	Colon	S085	Mucosal	Female_MUT	Mucosal_Colon	162
SLCdtt086	AACTGTTCGCGC	TTTTTTTT	20NOVA-01	G9	5	G9	806rcbc464	SLC	SLCdtt086	360	Female	four	MUT	Proximal_Colon	Colon	S086	Mucosal	Female_MUT	Mucosal_Colon	163
SLCdtt087	CGAAGCATCTAC	TTTTTTTT	20NOVA-01	G10	5	G10	806rcbc465	SLC	SLCdtt087	360	Female	four	MUT	Cecum	Colon	S087	Mucosal	Female_MUT	Mucosal_Colon	164
SLCdtt088	GTTTGGCCACAC	TTTTTTTT	20NOVA-01	G11	5	G11	806rcbc466	SLC	SLCdtt088	360	Female	four	MUT	Ileum	SI	S088	Mucosal	Female_MUT	Mucosal_SI	165
SLCdtt089	TCAGGTTGCCCA	TTTTTTTT	20NOVA-01	G12	5	G12	806rcbc467	SLC	SLCdtt089	360	Female	four	MUT	Jejunum	SI	S089	Mucosal	Female_MUT	Mucosal_SI	166
SLCdtt090	TCATTCCACTCA	TTTTTTTT	20NOVA-01	H1	5	H1	806rcbc468	SLC	SLCdtt090	360	Female	four	MUT	Duodenum	SI	S090	Mucosal	Female_MUT	Mucosal_SI	167
SLCdtt091	GTCACATCACGA	TTTTTTTT	20NOVA-01	H2	5	H2	806rcbc469	SLC	SLCdtt091	801	Female	six	WT	Distal_Colon	Colon	S091	Mucosal	Female_WT	Mucosal_Colon	168
SLCdtt092	CGACATTTCTCT	TTTTTTTT	20NOVA-01	H3	5	H3	806rcbc470	SLC	SLCdtt092	801	Female	six	WT	Proximal_Colon	Colon	S092	Mucosal	Female_WT	Mucosal_Colon	169
SLCdtt093	GGACGTTAACTA	TTTTTTTT	20NOVA-01	H4	5	H4	806rcbc471	SLC	SLCdtt093	801	Female	six	WT	Cecum	Colon	S093	Mucosal	Female_WT	Mucosal_Colon	170
SLCdtt094	TAGCAGTTGCGT	TTTTTTTT	20NOVA-01	H5	5	H5	806rcbc472	SLC	SLCdtt094	801	Female	six	WT	Ileum	SI	S094	Mucosal	Female_WT	Mucosal_SI	171
SLCdtt095	CACGCTATTGGA	TTTTTTTT	20NOVA-01	H6	5	H6	806rcbc473	SLC	SLCdtt095	801	Female	six	WT	Jejunum	SI	S095	Mucosal	Female_WT	Mucosal_SI	172
SLCdtt096	AACTTCACTTCC	TTTTTTTT	20NOVA-01	H7	5	H7	806rcbc474	SLC	SLCdtt096	801	Female	six	WT	Duodenum	SI	S096	Mucosal	Female_WT	Mucosal_SI	173
SLCdtt097	CCAGTGGATATA	TTTTTTTT	20NOVA-01	H8	5	H8	806rcbc475	SLC	SLCdtt097	400	Female	six	HET	Distal_Colon	Colon	S097	Mucosal	Female_HET	Mucosal_Colon	174
SLCdtt098	TGTGTGTAACGC	TTTTTTTT	20NOVA-01	H9	5	H9	806rcbc476	SLC	SLCdtt098	400	Female	six	HET	Proximal_Colon	Colon	S098	Mucosal	Female_HET	Mucosal_Colon	175
SLCdtt099	CCAATCGTGCAA	TTTTTTTT	20NOVA-01	H10	5	H10	806rcbc477	SLC	SLCdtt099	400	Female	six	HET	Cecum	Colon	S099	Mucosal	Female_HET	Mucosal_Colon	176
SLCdtt100	CACCGAAATCTG	TTTTTTTT	20NOVA-02	A1	6	A1	806rcbc480	SLC	SLCdtt100	400	Female	six	HET	Ileum	SI	S100	Mucosal	Female_HET	Mucosal_SI	177
SLCdtt101	TGACGTAGAACT	TTTTTTTT	20NOVA-02	A2	6	A2	806rcbc481	SLC	SLCdtt101	400	Female	six	HET	Jejunum	SI	S101	Mucosal	Female_HET	Mucosal_SI	178
SLCdtt102	CTATGCCGGCTA	TTTTTTTT	20NOVA-02	A3	6	A3	806rcbc482	SLC	SLCdtt102	400	Female	six	HET	Duodenum	SI	S102	Mucosal	Female_HET	Mucosal_SI	179
SLCdtt103	GTGGTATGGGAG	TTTTTTTT	20NOVA-02	A4	6	A4	806rcbc483	SLC	SLCdtt103	399	Female	six	MUT	Distal_Colon	Colon	S103	Mucosal	Female_MUT	Mucosal_Colon	180
SLCdtt104	TGTACCAACCGA	TTTTTTTT	20NOVA-02	A5	6	A5	806rcbc484	SLC	SLCdtt104	399	Female	six	MUT	Proximal_Colon	Colon	S104	Mucosal	Female_MUT	Mucosal_Colon	181
SLCdtt105	AGGGTACAGGGT	TTTTTTTT	20NOVA-02	A6	6	A6	806rcbc485	SLC	SLCdtt105	399	Female	six	MUT	Cecum	Colon	S105	Mucosal	Female_MUT	Mucosal_Colon	182
SLCdtt106	AGAGTGCTAATC	TTTTTTTT	20NOVA-02	A7	6	A7	806rcbc486	SLC	SLCdtt106	399	Female	six	MUT	Ileum	SI	S106	Mucosal	Female_MUT	Mucosal_SI	183
SLCdtt107	TTGGCGGGTTAT	TTTTTTTT	20NOVA-02	A8	6	A8	806rcbc487	SLC	SLCdtt107	399	Female	six	MUT	Jejunum	SI	S107	Mucosal	Female_MUT	Mucosal_SI	184
SLCdtt108	CACGATGGTCAT	TTTTTTTT	20NOVA-02	A9	6	A9	806rcbc488	SLC	SLCdtt108	399	Female	six	MUT	Duodenum	SI	S108	Mucosal	Female_MUT	Mucosal_SI	185
SLCdtt109	GTCACCAATCCG	TTTTTTTT	20NOVA-02	A10	6	A10	806rcbc489	SLC	SLCdtt109	811	Male	five	WT	Distal_Colon	Colon	S109	Mucosal	Male_WT	Mucosal_Colon	186
SLCdtt110	CACTAACAAACG	TTTTTTTT	20NOVA-02	A11	6	A11	806rcbc490	SLC	SLCdtt110	811	Male	five	WT	Proximal_Colon	Colon	S110	Mucosal	Male_WT	Mucosal_Colon	187
SLCdtt111	TTCCAGGCAGAT	TTTTTTTT	20NOVA-02	A12	6	A12	806rcbc491	SLC	SLCdtt111	811	Male	five	WT	Cecum	Colon	S111	Mucosal	Male_WT	Mucosal_Colon	188
SLCdtt112	TATGGTACCCAG	TTTTTTTT	20NOVA-02	B1	6	B1	806rcbc492	SLC	SLCdtt112	811	Male	five	WT	Ileum	SI	S112	Mucosal	Male_WT	Mucosal_SI	189
SLCdtt113	CACGACTTGACA	TTTTTTTT	20NOVA-02	B2	6	B2	806rcbc493	SLC	SLCdtt113	811	Male	five	WT	Jejunum	SI	S113	Mucosal	Male_WT	Mucosal_SI	190
SLCdtt114	CTTGGAGGCTTA	TTTTTTTT	20NOVA-02	B3	6	B3	806rcbc494	SLC	SLCdtt114	811	Male	five	WT	Duodenum	SI	S114	Mucosal	Male_WT	Mucosal_SI	191
SLCdtt115	ACGTGGTTCCAC	TTTTTTTT	20NOVA-02	B4	6	B4	806rcbc495	SLC	SLCdtt115	812	Male	five	HET	Distal_Colon	Colon	S115	Mucosal	Male_HET	Mucosal_Colon	192
SLCdtt116	GACGCTTTGCTG	TTTTTTTT	20NOVA-02	B5	6	B5	806rcbc496	SLC	SLCdtt116	812	Male	five	HET	Proximal_Colon	Colon	S116	Mucosal	Male_HET	Mucosal_Colon	193
SLCdtt117	ACAGGGTTTGTA	TTTTTTTT	20NOVA-02	B6	6	B6	806rcbc497	SLC	SLCdtt117	812	Male	five	HET	Cecum	Colon	S117	Mucosal	Male_HET	Mucosal_Colon	194
SLCdtt118	GCCTATGAGATC	TTTTTTTT	20NOVA-02	B7	6	B7	806rcbc498	SLC	SLCdtt118	812	Male	five	HET	Ileum	SI	S118	Mucosal	Male_HET	Mucosal_SI	195
SLCdtt119	CAAACCTATGGC	TTTTTTTT	20NOVA-02	B8	6	B8	806rcbc499	SLC	SLCdtt119	812	Male	five	HET	Jejunum	SI	S119	Mucosal	Male_HET	Mucosal_SI	196
SLCdtt120	ATCGCTTAAGGC	TTTTTTTT	20NOVA-02	B9	6	B9	806rcbc500	SLC	SLCdtt120	812	Male	five	HET	Duodenum	SI	S120	Mucosal	Male_HET	Mucosal_SI	197
SLCdtt121	ACCATCCAACGA	TTTTTTTT	20NOVA-02	B10	6	B10	806rcbc501	SLC	SLCdtt121	807	Male	five	MUT	Distal_Colon	Colon	S121	Mucosal	Male_MUT	Mucosal_Colon	198
SLCdtt122	GCAATAGGAGGA	TTTTTTTT	20NOVA-02	B11	6	B11	806rcbc502	SLC	SLCdtt122	807	Male	five	MUT	Proximal_Colon	Colon	S122	Mucosal	Male_MUT	Mucosal_Colon	199
SLCdtt123	CCGAACGTCACT	TTTTTTTT	20NOVA-02	B12	6	B12	806rcbc503	SLC	SLCdtt123	807	Male	five	MUT	Cecum	Colon	S123	Mucosal	Male_MUT	Mucosal_Colon	200
SLCdtt124	ACACCAACACCA	TTTTTTTT	20NOVA-02	C1	6	C1	806rcbc504	SLC	SLCdtt124	807	Male	five	MUT	Ileum	SI	S124	Mucosal	Male_MUT	Mucosal_SI	201
SLCdtt125	CCATCACATAGG	TTTTTTTT	20NOVA-02	C2	6	C2	806rcbc505	SLC	SLCdtt125	807	Male	five	MUT	Jejunum	SI	S125	Mucosal	Male_MUT	Mucosal_SI	202
SLCdtt126	CGACACGGAGAA	TTTTTTTT	20NOVA-02	C3	6	C3	806rcbc506	SLC	SLCdtt126	807	Male	five	MUT	Duodenum	SI	S126	Mucosal	Male_MUT	Mucosal_SI	203
SLCdtt127	GAACCTATGACA	TTTTTTTT	20NOVA-02	C4	6	C4	806rcbc507	SLC	SLCdtt127	815	Male	seven	WT	Distal_Colon	Colon	S127	Mucosal	Male_WT	Mucosal_Colon	204
SLCdtt128	ATGCCGGTAATA	TTTTTTTT	20NOVA-02	C5	6	C5	806rcbc508	SLC	SLCdtt128	815	Male	seven	WT	Proximal_Colon	Colon	S128	Mucosal	Male_WT	Mucosal_Colon	205
SLCdtt129	GAACAGCTCTAC	TTTTTTTT	20NOVA-02	C6	6	C6	806rcbc509	SLC	SLCdtt129	815	Male	seven	WT	Cecum	Colon	S129	Mucosal	Male_WT	Mucosal_Colon	206
SLCdtt130	GTGAGTCATACC	TTTTTTTT	20NOVA-02	C7	6	C7	806rcbc510	SLC	SLCdtt130	815	Male	seven	WT	Ileum	SI	S130	Mucosal	Male_WT	Mucosal_SI	207
SLCdtt131	TGGCCGTTACTG	TTTTTTTT	20NOVA-02	C8	6	C8	806rcbc511	SLC	SLCdtt131	815	Male	seven	WT	Jejunum	SI	S131	Mucosal	Male_WT	Mucosal_SI	208
SLCdtt132	TAGAGCTGCCAT	TTTTTTTT	20NOVA-02	C9	6	C9	806rcbc512	SLC	SLCdtt132	815	Male	seven	WT	Duodenum	SI	S132	Mucosal	Male_WT	Mucosal_SI	209
SLCdtt133	ATCTAGTGGCAA	TTTTTTTT	20NOVA-02	C10	6	C10	806rcbc513	SLC	SLCdtt133	818	Male	seven	HET	Distal_Colon	Colon	S133	Mucosal	Male_HET	Mucosal_Colon	210
SLCdtt134	CCTTCAATGGGA	TTTTTTTT	20NOVA-02	C11	6	C11	806rcbc514	SLC	SLCdtt134	818	Male	seven	HET	Proximal_Colon	Colon	S134	Mucosal	Male_HET	Mucosal_Colon	211
SLCdtt135	TTGACGACATCG	TTTTTTTT	20NOVA-02	C12	6	C12	806rcbc515	SLC	SLCdtt135	818	Male	seven	HET	Cecum	Colon	S135	Mucosal	Male_HET	Mucosal_Colon	212
SLCdtt136	GGCTAAACTATG	TTTTTTTT	20NOVA-02	D2	6	D2	806rcbc517	SLC	SLCdtt136	818	Male	seven	HET	Ileum	SI	S136	Mucosal	Male_HET	Mucosal_SI	213
SLCdtt137	AAGAGCAGAGCC	TTTTTTTT	20NOVA-02	D3	6	D3	806rcbc518	SLC	SLCdtt137	818	Male	seven	HET	Jejunum	SI	S137	Mucosal	Male_HET	Mucosal_SI	214
SLCdtt138	GGAGAGATCACG	TTTTTTTT	20NOVA-02	D4	6	D4	806rcbc519	SLC	SLCdtt138	818	Male	seven	HET	Duodenum	SI	S138	Mucosal	Male_HET	Mucosal_SI	215
SLCdtt139	TCAACCCGTGAA	TTTTTTTT	20NOVA-02	D5	6	D5	806rcbc520	SLC	SLCdtt139	814	Male	seven	MUT	Distal_Colon	Colon	S139	Mucosal	Male_MUT	Mucosal_Colon	216
SLCdtt140	GTTTGAAACACG	TTTTTTTT	20NOVA-02	D6	6	D6	806rcbc521	SLC	SLCdtt140	814	Male	seven	MUT	Proximal_Colon	Colon	S140	Mucosal	Male_MUT	Mucosal_Colon	217
SLCdtt141	AGAGAGACAGGT	TTTTTTTT	20NOVA-02	D7	6	D7	806rcbc522	SLC	SLCdtt141	814	Male	seven	MUT	Cecum	Colon	S141	Mucosal	Male_MUT	Mucosal_Colon	218
SLCFP001	TCTGAGGTTGCC	TTTTTTTT	20NOVA-03	A1	4	A1	806rcbc288	SLC	SLCFP001	318	Female	one	WT	Distal_Colon	Colon	S001	Luminal	Female_WT	Luminal_Colon	219
SLCFP002	GATCATTCTCTC	TTTTTTTT	20NOVA-03	A2	4	A2	806rcbc289	SLC	SLCFP002	318	Female	one	WT	Proximal_Colon	Colon	S002	Luminal	Female_WT	Luminal_Colon	220
SLCFP003	AGACATACCGTA	TTTTTTTT	20NOVA-03	A3	4	A3	806rcbc290	SLC	SLCFP003	318	Female	one	WT	Cecum	Colon	S003	Luminal	Female_WT	Luminal_Colon	221
SLCFP004	GATCCTCATGCG	TTTTTTTT	20NOVA-03	A4	4	A4	806rcbc291	SLC	SLCFP004	318	Female	one	WT	Ileum	SI	S004	Luminal	Female_WT	Luminal_SI	222
SLCFP005	ATTATCGTCCCT	TTTTTTTT	20NOVA-03	A5	4	A5	806rcbc292	SLC	SLCFP005	318	Female	one	WT	Jejunum	SI	S005	Luminal	Female_WT	Luminal_SI	223
SLCFP006	CCAGACCGCTAT	TTTTTTTT	20NOVA-03	A6	4	A6	806rcbc293	SLC	SLCFP006	318	Female	one	WT	Duodenum	SI	S006	Luminal	Female_WT	Luminal_SI	224
SLCFP007	AGCTCTAGAAAC	TTTTTTTT	20NOVA-03	A7	4	A7	806rcbc294	SLC	SLCFP007	315	Female	one	HET	Distal_Colon	Colon	S007	Luminal	Female_HET	Luminal_Colon	225
SLCFP008	TCCATCGACGTG	TTTTTTTT	20NOVA-03	A8	4	A8	806rcbc295	SLC	SLCFP008	315	Female	one	HET	Proximal_Colon	Colon	S008	Luminal	Female_HET	Luminal_Colon	226
SLCFP009	CGATGTGTGGTT	TTTTTTTT	20NOVA-03	A9	4	A9	806rcbc296	SLC	SLCFP009	315	Female	one	HET	Cecum	Colon	S009	Luminal	Female_HET	Luminal_Colon	227
SLCFP010	GCGAAGTTGGGA	TTTTTTTT	20NOVA-03	A10	4	A10	806rcbc297	SLC	SLCFP010	315	Female	one	HET	Ileum	SI	S010	Luminal	Female_HET	Luminal_SI	228
SLCFP011	GCATTCGGCGTT	TTTTTTTT	20NOVA-03	A11	4	A11	806rcbc298	SLC	SLCFP011	315	Female	one	HET	Jejunum	SI	S011	Luminal	Female_HET	Luminal_SI	229
SLCFP012	CGCCATTGTGCA	TTTTTTTT	20NOVA-03	A12	4	A12	806rcbc299	SLC	SLCFP012	315	Female	one	HET	Duodenum	SI	S012	Luminal	Female_HET	Luminal_SI	230
SLCFP013	TCCAACTGCAGA	TTTTTTTT	20NOVA-03	B1	4	B1	806rcbc300	SLC	SLCFP013	316	Female	one	MUT	Distal_Colon	Colon	S013	Luminal	Female_MUT	Luminal_Colon	231
SLCFP014	TAAAGACCCGTA	TTTTTTTT	20NOVA-03	B2	4	B2	806rcbc301	SLC	SLCFP014	316	Female	one	MUT	Proximal_Colon	Colon	S014	Luminal	Female_MUT	Luminal_Colon	232
SLCFP015	TGTATCTTCACC	TTTTTTTT	20NOVA-03	B3	4	B3	806rcbc302	SLC	SLCFP015	316	Female	one	MUT	Cecum	Colon	S015	Luminal	Female_MUT	Luminal_Colon	233
SLCFP016	GACTGACTCGTC	TTTTTTTT	20NOVA-03	B4	4	B4	806rcbc303	SLC	SLCFP016	316	Female	one	MUT	Ileum	SI	S016	Luminal	Female_MUT	Luminal_SI	234
SLCFP017	TCGTGGATAGCT	TTTTTTTT	20NOVA-03	B5	4	B5	806rcbc304	SLC	SLCFP017	316	Female	one	MUT	Jejunum	SI	S017	Luminal	Female_MUT	Luminal_SI	235
SLCFP018	GACGCACTAACT	TTTTTTTT	20NOVA-03	B6	4	B6	806rcbc305	SLC	SLCFP018	316	Female	one	MUT	Duodenum	SI	S018	Luminal	Female_MUT	Luminal_SI	236
SLCFP019a	GGCGATTTACGT	TTTTTTTT	20NOVA-03	B7	4	B7	806rcbc306	SLC	SLCFP019a	313	Male	one	WT	Distal_Colon	Colon	S019	Luminal	Male_WT	Luminal_Colon	237
SLCFP020	TAAGGCATCGCT	TTTTTTTT	20NOVA-03	B8	4	B8	806rcbc307	SLC	SLCFP020	313	Male	one	WT	Proximal_Colon	Colon	S020	Luminal	Male_WT	Luminal_Colon	238
SLCFP021	ACCCATACAGCC	TTTTTTTT	20NOVA-03	B9	4	B9	806rcbc308	SLC	SLCFP021	313	Male	one	WT	Cecum	Colon	S021	Luminal	Male_WT	Luminal_Colon	239
SLCFP022	CGCACTACGCAT	TTTTTTTT	20NOVA-03	B10	4	B10	806rcbc309	SLC	SLCFP022	313	Male	one	WT	Ileum	SI	S022	Luminal	Male_WT	Luminal_SI	240
SLCFP023	CAGTCGTTAAGA	TTTTTTTT	20NOVA-03	B11	4	B11	806rcbc310	SLC	SLCFP023	313	Male	one	WT	Jejunum	SI	S023	Luminal	Male_WT	Luminal_SI	241
SLCFP024	CTACGAAAGCCT	TTTTTTTT	20NOVA-03	B12	4	B12	806rcbc311	SLC	SLCFP024	313	Male	one	WT	Duodenum	SI	S024	Luminal	Male_WT	Luminal_SI	242
SLCFP025	ATAATTGCCGAG	TTTTTTTT	20NOVA-03	C1	4	C1	806rcbc312	SLC	SLCFP025	312	Male	one	HET	Distal_Colon	Colon	S025	Luminal	Male_HET	Luminal_Colon	243
SLCFP026	GGCATGTTATCG	TTTTTTTT	20NOVA-03	C2	4	C2	806rcbc313	SLC	SLCFP026	312	Male	one	HET	Proximal_Colon	Colon	S026	Luminal	Male_HET	Luminal_Colon	244
SLCFP027	AGGCACAGTAGG	TTTTTTTT	20NOVA-03	C3	4	C3	806rcbc314	SLC	SLCFP027	312	Male	one	HET	Cecum	Colon	S027	Luminal	Male_HET	Luminal_Colon	245
SLCFP028	CTACTTACATCC	TTTTTTTT	20NOVA-03	C4	4	C4	806rcbc315	SLC	SLCFP028	312	Male	one	HET	Ileum	SI	S028	Luminal	Male_HET	Luminal_SI	246
SLCFP029	CTCTTCTGATCA	TTTTTTTT	20NOVA-03	C5	4	C5	806rcbc316	SLC	SLCFP029	312	Male	one	HET	Jejunum	SI	S029	Luminal	Male_HET	Luminal_SI	247
SLCFP030	ATGCTAACCACG	TTTTTTTT	20NOVA-03	C6	4	C6	806rcbc317	SLC	SLCFP030	312	Male	one	HET	Duodenum	SI	S030	Luminal	Male_HET	Luminal_SI	248
SLCFP031	CGTTCCTTGTTA	TTTTTTTT	20NOVA-03	H12	4	H12	806rcbc383	SLC	SLCFP031	314	Male	one	MUT	Distal_Colon	Colon	S031	Luminal	Male_MUT	Luminal_Colon	249
SLCFP032	TATCCAAGCGCA	TTTTTTTT	20NOVA-03	C8	4	C8	806rcbc319	SLC	SLCFP032	314	Male	one	MUT	Proximal_Colon	Colon	S032	Luminal	Male_MUT	Luminal_Colon	250
SLCFP033	GTACTGAAGATC	TTTTTTTT	20NOVA-03	C9	4	C9	806rcbc320	SLC	SLCFP033	314	Male	one	MUT	Cecum	Colon	S033	Luminal	Male_MUT	Luminal_Colon	251
SLCFP034	TCGCCGTGTACA	TTTTTTTT	20NOVA-03	C10	4	C10	806rcbc321	SLC	SLCFP034	314	Male	one	MUT	Ileum	SI	S034	Luminal	Male_MUT	Luminal_SI	252
SLCFP035	AACTGCGATATG	TTTTTTTT	20NOVA-03	C11	4	C11	806rcbc322	SLC	SLCFP035	314	Male	one	MUT	Jejunum	SI	S035	Luminal	Male_MUT	Luminal_SI	253
SLCFP036	CTTCCAACTCAT	TTTTTTTT	20NOVA-03	C12	4	C12	806rcbc323	SLC	SLCFP036	314	Male	one	MUT	Duodenum	SI	S036	Luminal	Male_MUT	Luminal_SI	254
SLCFP037	GAGATCGCCTAT	TTTTTTTT	20NOVA-03	D1	4	D1	806rcbc324	SLC	SLCFP037	302	Male	two	HET	Distal_Colon	Colon	S037	Luminal	Male_HET	Luminal_Colon	255
SLCFP038	TGTACATCGCCG	TTTTTTTT	20NOVA-03	D2	4	D2	806rcbc325	SLC	SLCFP038	302	Male	two	HET	Proximal_Colon	Colon	S038	Luminal	Male_HET	Luminal_Colon	256
SLCFP039	TGTTAAGCAGCA	TTTTTTTT	20NOVA-03	D3	4	D3	806rcbc326	SLC	SLCFP039	302	Male	two	HET	Cecum	Colon	S039	Luminal	Male_HET	Luminal_Colon	257
SLCFP040	ACGGCGTTATGT	TTTTTTTT	20NOVA-03	D4	4	D4	806rcbc327	SLC	SLCFP040	302	Male	two	HET	Ileum	SI	S040	Luminal	Male_HET	Luminal_SI	258
SLCFP041	ACTTTGCTTTGC	TTTTTTTT	20NOVA-03	D5	4	D5	806rcbc328	SLC	SLCFP041	302	Male	two	HET	Jejunum	SI	S041	Luminal	Male_HET	Luminal_SI	259
SLCFP042	CAAAGCGGTATT	TTTTTTTT	20NOVA-03	D6	4	D6	806rcbc329	SLC	SLCFP042	302	Male	two	HET	Duodenum	SI	S042	Luminal	Male_HET	Luminal_SI	260
SLCFP043	CGAAACTACGTA	TTTTTTTT	20NOVA-03	D7	4	D7	806rcbc330	SLC	SLCFP043	301	Male	two	MUT	Distal_Colon	Colon	S043	Luminal	Male_MUT	Luminal_Colon	261
SLCFP044	GAGGACCAGCAA	TTTTTTTT	20NOVA-03	D8	4	D8	806rcbc331	SLC	SLCFP044	301	Male	two	MUT	Proximal_Colon	Colon	S044	Luminal	Male_MUT	Luminal_Colon	262
SLCFP045	AATAGCATGTCG	TTTTTTTT	20NOVA-03	D9	4	D9	806rcbc332	SLC	SLCFP045	301	Male	two	MUT	Cecum	Colon	S045	Luminal	Male_MUT	Luminal_Colon	263
SLCFP046	CGGAGTAATCCT	TTTTTTTT	20NOVA-03	D10	4	D10	806rcbc333	SLC	SLCFP046	301	Male	two	MUT	Ileum	SI	S046	Luminal	Male_MUT	Luminal_SI	264
SLCFP047	CTGTGTCCATGG	TTTTTTTT	20NOVA-03	D11	4	D11	806rcbc334	SLC	SLCFP047	301	Male	two	MUT	Jejunum	SI	S047	Luminal	Male_MUT	Luminal_SI	265
SLCFP048	CTTCGCGGATGT	TTTTTTTT	20NOVA-03	D12	4	D12	806rcbc335	SLC	SLCFP048	301	Male	two	MUT	Duodenum	SI	S048	Luminal	Male_MUT	Luminal_SI	266
SLCFP049	ATAGGCTGTAGT	TTTTTTTT	20NOVA-03	E1	4	E1	806rcbc336	SLC	SLCFP049	304	Male	two	WT	Distal_Colon	Colon	S049	Luminal	Male_WT	Luminal_Colon	267
SLCFP050	TGTGTAGCCATG	TTTTTTTT	20NOVA-03	E2	4	E2	806rcbc337	SLC	SLCFP050	304	Male	two	WT	Proximal_Colon	Colon	S050	Luminal	Male_WT	Luminal_Colon	268
SLCFP051	AAGGGCGCTGAA	TTTTTTTT	20NOVA-03	E3	4	E3	806rcbc338	SLC	SLCFP051	304	Male	two	WT	Cecum	Colon	S051	Luminal	Male_WT	Luminal_Colon	269
SLCFP052	GTTTCCGTGGTG	TTTTTTTT	20NOVA-03	E4	4	E4	806rcbc339	SLC	SLCFP052	304	Male	two	WT	Ileum	SI	S052	Luminal	Male_WT	Luminal_SI	270
SLCFP053	AGGAACCAGACG	TTTTTTTT	20NOVA-03	E5	4	E5	806rcbc340	SLC	SLCFP053	304	Male	two	WT	Jejunum	SI	S053	Luminal	Male_WT	Luminal_SI	271
SLCFP054	TAATGCCCAGGT	TTTTTTTT	20NOVA-03	E6	4	E6	806rcbc341	SLC	SLCFP054	304	Male	two	WT	Duodenum	SI	S054	Luminal	Male_WT	Luminal_SI	272
SLCFP055	TATGAACGTCCG	TTTTTTTT	20NOVA-03	E7	4	E7	806rcbc342	SLC	SLCFP055	330	Female	three	HET	Distal_Colon	Colon	S055	Luminal	Female_HET	Luminal_Colon	273
SLCFP056	CCACATTGGGTC	TTTTTTTT	20NOVA-03	E8	4	E8	806rcbc343	SLC	SLCFP056	330	Female	three	HET	Proximal_Colon	Colon	S056	Luminal	Female_HET	Luminal_Colon	274
SLCFP057	TCAGTCAGATGA	TTTTTTTT	20NOVA-03	E9	4	E9	806rcbc344	SLC	SLCFP057	330	Female	three	HET	Cecum	Colon	S057	Luminal	Female_HET	Luminal_Colon	275
SLCFP058	AAGTCACACACA	TTTTTTTT	20NOVA-03	E10	4	E10	806rcbc345	SLC	SLCFP058	330	Female	three	HET	Ileum	SI	S058	Luminal	Female_HET	Luminal_SI	276
SLCFP059	GCTGTGATTCGA	TTTTTTTT	20NOVA-03	E11	4	E11	806rcbc346	SLC	SLCFP059	330	Female	three	HET	Jejunum	SI	S059	Luminal	Female_HET	Luminal_SI	277
SLCFP060	CTTGACGAGGTT	TTTTTTTT	20NOVA-03	F1	4	F1	806rcbc348	SLC	SLCFP060	330	Female	three	HET	Duodenum	SI	S060	Luminal	Female_HET	Luminal_SI	278
SLCFP061	ACCTGGGAATAT	TTTTTTTT	20NOVA-03	F2	4	F2	806rcbc349	SLC	SLCFP061	305	Female	two	MUT	Distal_Colon	Colon	S061	Luminal	Female_MUT	Luminal_Colon	279
SLCFP062	CTCTGCCTAATT	TTTTTTTT	20NOVA-03	F3	4	F3	806rcbc350	SLC	SLCFP062	305	Female	two	MUT	Proximal_Colon	Colon	S062	Luminal	Female_MUT	Luminal_Colon	280
SLCFP063	ATATGACCCAGC	TTTTTTTT	20NOVA-03	F4	4	F4	806rcbc351	SLC	SLCFP063	305	Female	two	MUT	Cecum	Colon	S063	Luminal	Female_MUT	Luminal_Colon	281
SLCFP064	CTCTATTCCACC	TTTTTTTT	20NOVA-03	F5	4	F5	806rcbc352	SLC	SLCFP064	305	Female	two	MUT	Ileum	SI	S064	Luminal	Female_MUT	Luminal_SI	282
SLCFP065	ATTGAGTGAGTC	TTTTTTTT	20NOVA-03	F6	4	F6	806rcbc353	SLC	SLCFP065	305	Female	two	MUT	Jejunum	SI	S065	Luminal	Female_MUT	Luminal_SI	283
SLCFP066	TTATGGTACGGA	TTTTTTTT	20NOVA-03	F7	4	F7	806rcbc354	SLC	SLCFP066	305	Female	two	MUT	Duodenum	SI	S066	Luminal	Female_MUT	Luminal_SI	284
SLCFP067	GCTAGTTATGGA	TTTTTTTT	20NOVA-03	F8	4	F8	806rcbc355	SLC	SLCFP067	329	Female	three	WT	Distal_Colon	Colon	S067	Luminal	Female_WT	Luminal_Colon	285
SLCFP068	CAGATTAACCAG	TTTTTTTT	20NOVA-03	F9	4	F9	806rcbc356	SLC	SLCFP068	329	Female	three	WT	Proximal_Colon	Colon	S068	Luminal	Female_WT	Luminal_Colon	286
SLCFP069	GGCTGCATACTC	TTTTTTTT	20NOVA-03	F10	4	F10	806rcbc357	SLC	SLCFP069	329	Female	three	WT	Cecum	Colon	S069	Luminal	Female_WT	Luminal_Colon	287
SLCFP070	TTGGTAAAGTGC	TTTTTTTT	20NOVA-03	F11	4	F11	806rcbc358	SLC	SLCFP070	329	Female	three	WT	Ileum	SI	S070	Luminal	Female_WT	Luminal_SI	288
SLCFP071	AAGTGGCTATCC	TTTTTTTT	20NOVA-03	F12	4	F12	806rcbc359	SLC	SLCFP071	329	Female	three	WT	Jejunum	SI	S071	Luminal	Female_WT	Luminal_SI	289
SLCFP072	AACCGATGTACC	TTTTTTTT	20NOVA-03	G1	4	G1	806rcbc360	SLC	SLCFP072	329	Female	three	WT	Duodenum	SI	S072	Luminal	Female_WT	Luminal_SI	290
SLCFP073	TCGATTGGCCGT	TTTTTTTT	20NOVA-03	G2	4	G2	806rcbc361	SLC	SLCFP073	361	Female	four	WT	Distal_Colon	Colon	S073	Luminal	Female_WT	Luminal_Colon	291
SLCFP074	GCATTACTGGAC	TTTTTTTT	20NOVA-03	G3	4	G3	806rcbc362	SLC	SLCFP074	361	Female	four	WT	Proximal_Colon	Colon	S074	Luminal	Female_WT	Luminal_Colon	292
SLCFP075	TTGGGCCACATA	TTTTTTTT	20NOVA-03	G4	4	G4	806rcbc363	SLC	SLCFP075	361	Female	four	WT	Cecum	Colon	S075	Luminal	Female_WT	Luminal_Colon	293
SLCFP076	CACACAAAGTCA	TTTTTTTT	20NOVA-03	G5	4	G5	806rcbc364	SLC	SLCFP076	361	Female	four	WT	Ileum	SI	S076	Luminal	Female_WT	Luminal_SI	294
SLCFP077	GCCAAGGATAGG	TTTTTTTT	20NOVA-03	G6	4	G6	806rcbc365	SLC	SLCFP077	361	Female	four	WT	Jejunum	SI	S077	Luminal	Female_WT	Luminal_SI	295
SLCFP078	CGCCACGTGTAT	TTTTTTTT	20NOVA-03	G7	4	G7	806rcbc366	SLC	SLCFP078	361	Female	four	WT	Duodenum	SI	S078	Luminal	Female_WT	Luminal_SI	296
SLCFP079	GCAACCGATTGT	TTTTTTTT	20NOVA-03	G8	4	G8	806rcbc367	SLC	SLCFP079	362	Female	four	HET	Distal_Colon	Colon	S079	Luminal	Female_HET	Luminal_Colon	297
SLCFP080	CATGTGCTTAGG	TTTTTTTT	20NOVA-03	G9	4	G9	806rcbc368	SLC	SLCFP080	362	Female	four	HET	Proximal_Colon	Colon	S080	Luminal	Female_HET	Luminal_Colon	298
SLCFP081	GTTCCTCCATTA	TTTTTTTT	20NOVA-03	G10	4	G10	806rcbc369	SLC	SLCFP081	362	Female	four	HET	Cecum	Colon	S081	Luminal	Female_HET	Luminal_Colon	299
SLCFP082	ACCTGTCCTTTC	TTTTTTTT	20NOVA-03	G11	4	G11	806rcbc370	SLC	SLCFP082	362	Female	four	HET	Ileum	SI	S082	Luminal	Female_HET	Luminal_SI	300
SLCFP083	GTTCACGCCCAA	TTTTTTTT	20NOVA-03	G12	4	G12	806rcbc371	SLC	SLCFP083	362	Female	four	HET	Jejunum	SI	S083	Luminal	Female_HET	Luminal_SI	301
SLCFP084	CGATCGAACACT	TTTTTTTT	20NOVA-03	H1	4	H1	806rcbc372	SLC	SLCFP084	362	Female	four	HET	Duodenum	SI	S084	Luminal	Female_HET	Luminal_SI	302
SLCFP085	CATGCCAACATG	TTTTTTTT	20NOVA-03	H2	4	H2	806rcbc373	SLC	SLCFP085	360	Female	four	MUT	Distal_Colon	Colon	S085	Luminal	Female_MUT	Luminal_Colon	303
SLCFP086	GAGTACAGTCTA	TTTTTTTT	20NOVA-03	H3	4	H3	806rcbc374	SLC	SLCFP086	360	Female	four	MUT	Proximal_Colon	Colon	S086	Luminal	Female_MUT	Luminal_Colon	304
SLCFP087	CCTACATGAGAC	TTTTTTTT	20NOVA-03	H4	4	H4	806rcbc375	SLC	SLCFP087	360	Female	four	MUT	Cecum	Colon	S087	Luminal	Female_MUT	Luminal_Colon	305
SLCFP088	TCCGTGGTATAG	TTTTTTTT	20NOVA-03	H5	4	H5	806rcbc376	SLC	SLCFP088	360	Female	four	MUT	Ileum	SI	S088	Luminal	Female_MUT	Luminal_SI	306
SLCFP089	TCTACGGCACGT	TTTTTTTT	20NOVA-03	H6	4	H6	806rcbc377	SLC	SLCFP089	360	Female	four	MUT	Jejunum	SI	S089	Luminal	Female_MUT	Luminal_SI	307
SLCFP090	ATGCTGCAACAC	TTTTTTTT	20NOVA-03	H7	4	H7	806rcbc378	SLC	SLCFP090	360	Female	four	MUT	Duodenum	SI	S090	Luminal	Female_MUT	Luminal_SI	308
SLCFP091	TTCTCATGGAGG	TTTTTTTT	20NOVA-03	H8	4	H8	806rcbc379	SLC	SLCFP091	801	Female	six	WT	Distal_Colon	Colon	S091	Luminal	Female_WT	Luminal_Colon	309
SLCFP092	CATAGTGATTGG	TTTTTTTT	20NOVA-03	H9	4	H9	806rcbc380	SLC	SLCFP092	801	Female	six	WT	Proximal_Colon	Colon	S092	Luminal	Female_WT	Luminal_Colon	310
SLCFP093	GCTATCAAGACA	TTTTTTTT	20NOVA-03	H10	4	H10	806rcbc381	SLC	SLCFP093	801	Female	six	WT	Cecum	Colon	S093	Luminal	Female_WT	Luminal_Colon	311
SLCFP094	TCTAGCCTGGCA	TTTTTTTT	20NOVA-02	D11	6	D11	806rcbc526	SLC	SLCFP094	801	Female	six	WT	Ileum	SI	S094	Luminal	Female_WT	Luminal_SI	312
SLCFP095	AATGCAATGCGT	TTTTTTTT	20NOVA-02	D12	6	D12	806rcbc527	SLC	SLCFP095	801	Female	six	WT	Jejunum	SI	S095	Luminal	Female_WT	Luminal_SI	313
SLCFP096	CGAATGAGTCAT	TTTTTTTT	20NOVA-02	E1	6	E1	806rcbc528	SLC	SLCFP096	801	Female	six	WT	Duodenum	SI	S096	Luminal	Female_WT	Luminal_SI	314
SLCFP097	CAACGCTAGAAT	TTTTTTTT	20NOVA-02	E2	6	E2	806rcbc529	SLC	SLCFP097	400	Female	six	HET	Distal_Colon	Colon	S097	Luminal	Female_HET	Luminal_Colon	315
SLCFP098	ATCAGAGCCCAT	TTTTTTTT	20NOVA-02	E3	6	E3	806rcbc530	SLC	SLCFP098	400	Female	six	HET	Proximal_Colon	Colon	S098	Luminal	Female_HET	Luminal_Colon	316
SLCFP099	TCTGTAGAGCCA	TTTTTTTT	20NOVA-02	E4	6	E4	806rcbc531	SLC	SLCFP099	400	Female	six	HET	Cecum	Colon	S099	Luminal	Female_HET	Luminal_Colon	317
SLCFP100	CCGACTCTAGGT	TTTTTTTT	20NOVA-02	E5	6	E5	806rcbc532	SLC	SLCFP100	400	Female	six	HET	Ileum	SI	S100	Luminal	Female_HET	Luminal_SI	318
SLCFP101	ATCCTACGAGCA	TTTTTTTT	20NOVA-02	E6	6	E6	806rcbc533	SLC	SLCFP101	400	Female	six	HET	Jejunum	SI	S101	Luminal	Female_HET	Luminal_SI	319
SLCFP102	GACAACGAATCT	TTTTTTTT	20NOVA-02	E7	6	E7	806rcbc534	SLC	SLCFP102	400	Female	six	HET	Duodenum	SI	S102	Luminal	Female_HET	Luminal_SI	320
SLCFP103	TGCGGTTGACTC	TTTTTTTT	20NOVA-02	E8	6	E8	806rcbc535	SLC	SLCFP103	399	Female	six	MUT	Distal_Colon	Colon	S103	Luminal	Female_MUT	Luminal_Colon	321
SLCFP104	TGAGAAGAAAGG	TTTTTTTT	20NOVA-02	E9	6	E9	806rcbc536	SLC	SLCFP104	399	Female	six	MUT	Proximal_Colon	Colon	S104	Luminal	Female_MUT	Luminal_Colon	322
SLCFP105	TCGGATCTGTGA	TTTTTTTT	20NOVA-02	E10	6	E10	806rcbc537	SLC	SLCFP105	399	Female	six	MUT	Cecum	Colon	S105	Luminal	Female_MUT	Luminal_Colon	323
SLCFP106	GCCGGTACTCTA	TTTTTTTT	20NOVA-02	E11	6	E11	806rcbc538	SLC	SLCFP106	399	Female	six	MUT	Ileum	SI	S106	Luminal	Female_MUT	Luminal_SI	324
SLCFP107	CACAGGATTACC	TTTTTTTT	20NOVA-02	E12	6	E12	806rcbc539	SLC	SLCFP107	399	Female	six	MUT	Jejunum	SI	S107	Luminal	Female_MUT	Luminal_SI	325
SLCFP108	CGATATCAGTAG	TTTTTTTT	20NOVA-02	F1	6	F1	806rcbc540	SLC	SLCFP108	399	Female	six	MUT	Duodenum	SI	S108	Luminal	Female_MUT	Luminal_SI	326
SLCFP109	CATAAGGGAGGC	TTTTTTTT	20NOVA-02	F2	6	F2	806rcbc541	SLC	SLCFP109	811	Male	five	WT	Distal_Colon	Colon	S109	Luminal	Male_WT	Luminal_Colon	327
SLCFP110	TGTGTTACTCCT	TTTTTTTT	20NOVA-02	F3	6	F3	806rcbc542	SLC	SLCFP110	811	Male	five	WT	Proximal_Colon	Colon	S110	Luminal	Male_WT	Luminal_Colon	328
SLCFP111	GGTACCTGCAAT	TTTTTTTT	20NOVA-02	F4	6	F4	806rcbc543	SLC	SLCFP111	811	Male	five	WT	Cecum	Colon	S111	Luminal	Male_WT	Luminal_Colon	329
SLCFP112	TCGCCTATAAGG	TTTTTTTT	20NOVA-02	F5	6	F5	806rcbc544	SLC	SLCFP112	811	Male	five	WT	Ileum	SI	S112	Luminal	Male_WT	Luminal_SI	330
SLCFP113	AGTGGCACTATC	TTTTTTTT	20NOVA-02	F6	6	F6	806rcbc545	SLC	SLCFP113	811	Male	five	WT	Jejunum	SI	S113	Luminal	Male_WT	Luminal_SI	331
SLCFP114	TAACCCGATAGA	TTTTTTTT	20NOVA-02	F7	6	F7	806rcbc546	SLC	SLCFP114	811	Male	five	WT	Duodenum	SI	S114	Luminal	Male_WT	Luminal_SI	332
SLCFP115	GTGTGCTAACGT	TTTTTTTT	20NOVA-02	F8	6	F8	806rcbc547	SLC	SLCFP115	812	Male	five	HET	Distal_Colon	Colon	S115	Luminal	Male_HET	Luminal_Colon	333
SLCFP116	CTTGCGGCAATC	TTTTTTTT	20NOVA-02	F9	6	F9	806rcbc548	SLC	SLCFP116	812	Male	five	HET	Proximal_Colon	Colon	S116	Luminal	Male_HET	Luminal_Colon	334
SLCFP117	TGAGGTTTGATG	TTTTTTTT	20NOVA-02	F10	6	F10	806rcbc549	SLC	SLCFP117	812	Male	five	HET	Cecum	Colon	S117	Luminal	Male_HET	Luminal_Colon	335
SLCFP118	ATTGCTGGTCGA	TTTTTTTT	20NOVA-02	F11	6	F11	806rcbc550	SLC	SLCFP118	812	Male	five	HET	Ileum	SI	S118	Luminal	Male_HET	Luminal_SI	336
SLCFP119	AAGAAGCCGGAC	TTTTTTTT	20NOVA-02	F12	6	F12	806rcbc551	SLC	SLCFP119	812	Male	five	HET	Jejunum	SI	S119	Luminal	Male_HET	Luminal_SI	337
SLCFP120	ACGGGATACAGG	TTTTTTTT	20NOVA-02	G1	6	G1	806rcbc552	SLC	SLCFP120	812	Male	five	HET	Duodenum	SI	S120	Luminal	Male_HET	Luminal_SI	338
SLCFP121	AAGAGTCTCTAG	TTTTTTTT	20NOVA-02	G2	6	G2	806rcbc553	SLC	SLCFP121	807	Male	five	MUT	Distal_Colon	Colon	S121	Luminal	Male_MUT	Luminal_Colon	339
SLCFP122	TCCGTCATGGGT	TTTTTTTT	20NOVA-02	G3	6	G3	806rcbc554	SLC	SLCFP122	807	Male	five	MUT	Proximal_Colon	Colon	S122	Luminal	Male_MUT	Luminal_Colon	340
SLCFP123	AGATCTATGCAG	TTTTTTTT	20NOVA-02	G4	6	G4	806rcbc555	SLC	SLCFP123	807	Male	five	MUT	Cecum	Colon	S123	Luminal	Male_MUT	Luminal_Colon	341
SLCFP124	GCACAAGGCAAG	TTTTTTTT	20NOVA-02	G5	6	G5	806rcbc556	SLC	SLCFP124	807	Male	five	MUT	Ileum	SI	S124	Luminal	Male_MUT	Luminal_SI	342
SLCFP125	CGGCAAACACTT	TTTTTTTT	20NOVA-02	G6	6	G6	806rcbc557	SLC	SLCFP125	807	Male	five	MUT	Jejunum	SI	S125	Luminal	Male_MUT	Luminal_SI	343
SLCFP126	GCGAGTTCCTGT	TTTTTTTT	20NOVA-02	G7	6	G7	806rcbc558	SLC	SLCFP126	807	Male	five	MUT	Duodenum	SI	S126	Luminal	Male_MUT	Luminal_SI	344
SLCFP127	TTCCGAATCGGC	TTTTTTTT	20NOVA-02	G8	6	G8	806rcbc559	SLC	SLCFP127	815	Male	seven	WT	Distal_Colon	Colon	S127	Luminal	Male_WT	Luminal_Colon	345
SLCFP128	TACCTAGTGAGA	TTTTTTTT	20NOVA-02	G9	6	G9	806rcbc560	SLC	SLCFP128	815	Male	seven	WT	Proximal_Colon	Colon	S128	Luminal	Male_WT	Luminal_Colon	346
SLCFP129	CGTTCTGGTGGT	TTTTTTTT	20NOVA-02	G10	6	G10	806rcbc561	SLC	SLCFP129	815	Male	seven	WT	Cecum	Colon	S129	Luminal	Male_WT	Luminal_Colon	347
SLCFP130	TTGGTCTCCTCT	TTTTTTTT	20NOVA-02	G11	6	G11	806rcbc562	SLC	SLCFP130	815	Male	seven	WT	Ileum	SI	S130	Luminal	Male_WT	Luminal_SI	348
SLCFP131	CTGCATACTGAG	TTTTTTTT	20NOVA-02	G12	6	G12	806rcbc563	SLC	SLCFP131	815	Male	seven	WT	Jejunum	SI	S131	Luminal	Male_WT	Luminal_SI	349
SLCFP132	CAGGGCCTTTGT	TTTTTTTT	20NOVA-02	H1	6	H1	806rcbc564	SLC	SLCFP132	815	Male	seven	WT	Duodenum	SI	S132	Luminal	Male_WT	Luminal_SI	350
SLCFP133	CGATGAATATCG	TTTTTTTT	20NOVA-02	H2	6	H2	806rcbc565	SLC	SLCFP133	818	Male	seven	HET	Distal_Colon	Colon	S133	Luminal	Male_HET	Luminal_Colon	351
SLCFP134	GTCAATTAGTGG	TTTTTTTT	20NOVA-02	H3	6	H3	806rcbc566	SLC	SLCFP134	818	Male	seven	HET	Proximal_Colon	Colon	S134	Luminal	Male_HET	Luminal_Colon	352
SLCFP135	AGTACGCAGTCT	TTTTTTTT	20NOVA-02	H4	6	H4	806rcbc567	SLC	SLCFP135	818	Male	seven	HET	Cecum	Colon	S135	Luminal	Male_HET	Luminal_Colon	353
SLCFP136	AGCAGCTATTGC	TTTTTTTT	20NOVA-02	H5	6	H5	806rcbc568	SLC	SLCFP136	818	Male	seven	HET	Ileum	SI	S136	Luminal	Male_HET	Luminal_SI	354
SLCFP137	CTCGGATAGATC	TTTTTTTT	20NOVA-02	H6	6	H6	806rcbc569	SLC	SLCFP137	818	Male	seven	HET	Jejunum	SI	S137	Luminal	Male_HET	Luminal_SI	355
SLCFP138	TTCCCGAAACGA	TTTTTTTT	20NOVA-02	H7	6	H7	806rcbc570	SLC	SLCFP138	818	Male	seven	HET	Duodenum	SI	S138	Luminal	Male_HET	Luminal_SI	356
SLCFP139	GAACTTTAGCGC	TTTTTTTT	20NOVA-02	H8	6	H8	806rcbc571	SLC	SLCFP139	814	Male	seven	MUT	Distal_Colon	Colon	S139	Luminal	Male_MUT	Luminal_Colon	357
SLCFP140	TCCTTAGAAGGC	TTTTTTTT	20NOVA-02	H9	6	H9	806rcbc572	SLC	SLCFP140	814	Male	seven	MUT	Proximal_Colon	Colon	S140	Luminal	Male_MUT	Luminal_Colon	358
SLCFP141	GATGGACTTCAA	TTTTTTTT	20NOVA-02	H10	6	H10	806rcbc573	SLC	SLCFP141	814	Male	seven	MUT	Cecum	Colon	S141	Luminal	Male_MUT	Luminal_Colon	359