SampleID	MouseID	BarcodeSequence	LinkerPrimerSequence	PCR.Sample.Plate	Sample.Plate.Well	Primer.Plate.Used	Primer.Plate.Well	PrimerName	Column	Study	Genotype	Sex 	Longitudinal	Subset
PFF_Baseline_11	11	GCAATAGCTGCT	TTTTTTTT	Plate1.6	H5	6	H5	806rcbc568	5	PFF_Baseline	HET	M	Yes	Baseline
PFF_Baseline_12	12	ACCACCAGAACG	TTTTTTTT	Plate1.6	G10	6	G10	806rcbc561	10	PFF_Baseline	WT	M	Yes	Baseline
PFF_Baseline_13	13	ACAGGAACTCGC	TTTTTTTT	Plate1.6	G7	6	G7	806rcbc558	7	PFF_Baseline	WT	M	Yes	Baseline
PFF_Baseline_14	14	CAAGCATGCCTA	TTTTTTTT	Plate1.1	G3	1	G3	806rcbc74	3	PFF_Baseline	WT	M	Yes	Baseline
PFF_Baseline_15	15	TAGGGTCCGCAA	TTTTTTTT	Plate1.7	H8	7	H8	806rcbc667	8	PFF_Baseline	MUT	M	Yes	Baseline
PFF_Baseline_15_duplicate	15	CAGCTAGAACGC	TTTTTTTT	Plate1.1	H2	1	H2	806rcbc85	2	PFF_Baseline	MUT	M	Yes	Baseline
PFF_Baseline_16	16	CTCAGTATGCAG	TTTTTTTT	Plate1.6	G12	6	G12	806rcbc563	12	PFF_Baseline	HET	M	Yes	Baseline
PFF_Baseline_17	17	GATCTATCCGAG	TTTTTTTT	Plate1.6	H6	6	H6	806rcbc569	6	PFF_Baseline	WT	F	Yes	Baseline
PFF_Baseline_18	18	CCACTTGGATAG	TTTTTTTT	Plate1.7	G12	7	G12	806rcbc659	12	PFF_Baseline	HET	F	Yes	Baseline
PFF_Baseline_19	19	AGCTGGAAGTCC	TTTTTTTT	Plate1.1	H4	1	H4	806rcbc87	4	PFF_Baseline	WT	F	Yes	Baseline
PFF_Baseline_1921	1921	GCCGATTCGGAA	TTTTTTTT	Plate1.6	G8	6	G8	806rcbc559	8	PFF_Baseline	MUT	F	Yes	Baseline
PFF_Baseline_1937	1937	CTTGCCTTGTGC	TTTTTTTT	Plate1.6	G5	6	G5	806rcbc556	5	PFF_Baseline	WT	M	Yes	Baseline
PFF_Baseline_1942	1942	CATCAAACCTCA	TTTTTTTT	Plate1.6	F10	6	F10	806rcbc549	10	PFF_Baseline	HET	F	Yes	Baseline
PFF_Baseline_1943	1943	TCTCACTAGGTA	TTTTTTTT	Plate1.6	G9	6	G9	806rcbc560	9	PFF_Baseline	HET	M	Yes	Baseline
PFF_Baseline_1944	1944	GGTTAACAGGAA	TTTTTTTT	Plate1.7	G11	7	G11	806rcbc658	11	PFF_Baseline	MUT	M	Yes	Baseline
PFF_Baseline_1946	1946	GTCCGGCTTCTT	TTTTTTTT	Plate1.6	F12	6	F12	806rcbc551	12	PFF_Baseline	MUT	F	Yes	Baseline
PFF_Baseline_21	21	AAGTGTTTGCCG	TTTTTTTT	Plate1.6	G6	6	G6	806rcbc557	6	PFF_Baseline	MUT	M	Yes	Baseline
PFF_Baseline_25	25	GATAGTGCCACT	TTTTTTTT	Plate1.6	F6	6	F6	806rcbc545	6	PFF_Baseline	WT	F	Yes	Baseline
PFF_Baseline_26	26	ACGTTAGCACAC	TTTTTTTT	Plate1.6	F8	6	F8	806rcbc547	8	PFF_Baseline	WT	F	Yes	Baseline
PFF_Baseline_27	27	CCTGAACTAGTT	TTTTTTTT	Plate1.1	G4	1	G4	806rcbc75	4	PFF_Baseline	WT	F	Yes	Baseline
PFF_Baseline_28	28	GCCTTCTAAGGA	TTTTTTTT	Plate1.6	H9	6	H9	806rcbc572	9	PFF_Baseline	HET	M	Yes	Baseline
PFF_Baseline_30	30	TCTATCGGGTTA	TTTTTTTT	Plate1.6	F7	6	F7	806rcbc546	7	PFF_Baseline	MUT	M	Yes	Baseline
PFF_Baseline_32	32	AGAGGAGACCAA	TTTTTTTT	Plate1.6	G11	6	G11	806rcbc562	11	PFF_Baseline	HET	F	Yes	Baseline
PFF_Baseline_35	35	GCTCGCTACTTC	TTTTTTTT	Plate1.7	H7	7	H7	806rcbc666	7	PFF_Baseline	MUT	F	Yes	Baseline
PFF_Baseline_36	36	TCGACCAGCAAT	TTTTTTTT	Plate1.6	F11	6	F11	806rcbc550	11	PFF_Baseline	HET	F	Yes	Baseline
PFF_Baseline_37	37	GATTGCCGCAAG	TTTTTTTT	Plate1.6	F9	6	F9	806rcbc548	9	PFF_Baseline	MUT	F	Yes	Baseline
PFF_Cecum_11	11	CTATAGTCGTGT	TTTTTTTT	Plate1.8	D5	8	D5	806rcbc712	5	PFF_Cecum	HET	M	No	Luminal_Colon
PFF_Cecum_12	12	GTTTCGTACGTA	TTTTTTTT	Plate1.8	F9	8	F9	806rcbc740	9	PFF_Cecum	WT	M	No	Luminal_Colon
PFF_Cecum_13	13	GACCAAAGAGGA	TTTTTTTT	Plate1.8	D9	8	D9	806rcbc716	9	PFF_Cecum	WT	M	No	Luminal_Colon
PFF_Cecum_14	14	GTGACCTGATGT	TTTTTTTT	Plate1.8	E6	8	E6	806rcbc725	6	PFF_Cecum	WT	M	No	Luminal_Colon
PFF_Cecum_15	15	GTAACCGTAACC	TTTTTTTT	Plate1.8	E5	8	E5	806rcbc724	5	PFF_Cecum	MUT	M	No	Luminal_Colon
PFF_Cecum_16	16	TCAACTAATGCC	TTTTTTTT	Plate1.8	E2	8	E2	806rcbc721	2	PFF_Cecum	HET	M	No	Luminal_Colon
PFF_Cecum_17	17	TACGACTTTAGC	TTTTTTTT	Plate1.8	F12	8	F12	806rcbc743	12	PFF_Cecum	WT	F	No	Luminal_Colon
PFF_Cecum_18	18	CATCGTATCAAC	TTTTTTTT	Plate1.8	E7	8	E7	806rcbc726	7	PFF_Cecum	HET	F	No	Luminal_Colon
PFF_Cecum_19	19	GATCAACTACCG	TTTTTTTT	Plate1.8	E3	8	E3	806rcbc722	3	PFF_Cecum	WT	F	No	Luminal_Colon
PFF_Cecum_1904	1904	CTAGTGGTGGGT	TTTTTTTT	Plate1.8	E10	8	E10	806rcbc729	10	PFF_Cecum	MUT	M	No	Luminal_Colon
PFF_Cecum_1906	1906	AAGCACCTACAC	TTTTTTTT	Plate1.8	D6	8	D6	806rcbc713	6	PFF_Cecum	WT	M	No	Luminal_Colon
PFF_Cecum_1907	1907	ACTGATCCTAGT	TTTTTTTT	Plate1.8	F1	8	F1	806rcbc732	1	PFF_Cecum	HET	F	No	Luminal_Colon
PFF_Cecum_1908	1908	TTAGCGTCACGA	TTTTTTTT	Plate1.8	D11	8	D11	806rcbc718	11	PFF_Cecum	HET	F	No	Luminal_Colon
PFF_Cecum_1910	1910	CTCGGATGGTGA	TTTTTTTT	Plate1.8	E9	8	E9	806rcbc728	9	PFF_Cecum	MUT	F	No	Luminal_Colon
PFF_Cecum_1913	1913	CGAATGACGCCA	TTTTTTTT	Plate1.8	F4	8	F4	806rcbc735	4	PFF_Cecum	MUT	M	No	Luminal_Colon
PFF_Cecum_1914	1914	TCGCCGCTTTCA	TTTTTTTT	Plate1.8	E4	8	E4	806rcbc723	4	PFF_Cecum	WT	M	No	Luminal_Colon
PFF_Cecum_1917	1917	CGAGCAGCACAT	TTTTTTTT	Plate1.8	F8	8	F8	806rcbc739	8	PFF_Cecum	MUT	F	No	Luminal_Colon
PFF_Cecum_1920	1920	CTTCTAAGGAGC	TTTTTTTT	Plate1.8	F2	8	F2	806rcbc733	2	PFF_Cecum	WT	F	No	Luminal_Colon
PFF_Cecum_1921	1921	ATATGCCAGTGC	TTTTTTTT	Plate1.8	E1	8	E1	806rcbc720	1	PFF_Cecum	MUT	F	No	Luminal_Colon
PFF_Cecum_1937	1937	TACCTAATCGGT	TTTTTTTT	Plate1.8	F7	8	F7	806rcbc738	7	PFF_Cecum	WT	M	No	Luminal_Colon
PFF_Cecum_1938	1938	TAATGCGTCCAG	TTTTTTTT	Plate1.8	F6	8	F6	806rcbc737	6	PFF_Cecum	HET	M	No	Luminal_Colon
PFF_Cecum_1941	1941	AGGTACCAGGCT	TTTTTTTT	Plate1.8	F11	8	F11	806rcbc742	11	PFF_Cecum	WT	F	No	Luminal_Colon
PFF_Cecum_1942	1942	GGAGAATGTGAT	TTTTTTTT	Plate1.8	F10	8	F10	806rcbc741	10	PFF_Cecum	HET	F	No	Luminal_Colon
PFF_Cecum_1943	1943	ATAGAGGGTGGA	TTTTTTTT	Plate1.8	D10	8	D10	806rcbc717	10	PFF_Cecum	HET	M	No	Luminal_Colon
PFF_Cecum_1944	1944	GGAACTAGCCGT	TTTTTTTT	Plate1.8	D12	8	D12	806rcbc719	12	PFF_Cecum	MUT	M	No	Luminal_Colon
PFF_Cecum_1945	1945	ATGGGAATGGGA	TTTTTTTT	Plate1.8	F3	8	F3	806rcbc734	3	PFF_Cecum	HET	M	No	Luminal_Colon
PFF_Cecum_1946	1946	GATTCAAGCTTC	TTTTTTTT	Plate1.8	E12	8	E12	806rcbc731	12	PFF_Cecum	MUT	F	No	Luminal_Colon
PFF_Cecum_21	21	ACTCCGAGGATT	TTTTTTTT	Plate1.8	F5	8	F5	806rcbc736	5	PFF_Cecum	MUT	M	No	Luminal_Colon
PFF_Cecum_25	25	ATTTCACGGGAC	TTTTTTTT	Plate1.8	D3	8	D3	806rcbc710	3	PFF_Cecum	WT	F	No	Luminal_Colon
PFF_Cecum_27	27	CGGAAGTGTCTG	TTTTTTTT	Plate1.8	E8	8	E8	806rcbc727	8	PFF_Cecum	WT	F	No	Luminal_Colon
PFF_Cecum_28	28	GCATTGCGTGAG	TTTTTTTT	Plate1.8	D2	8	D2	806rcbc709	2	PFF_Cecum	HET	M	No	Luminal_Colon
PFF_Cecum_30	30	GACGCTAGTTCA	TTTTTTTT	Plate1.8	D7	8	D7	806rcbc714	7	PFF_Cecum	MUT	M	No	Luminal_Colon
PFF_Cecum_32	32	TGGTGACTCGGA	TTTTTTTT	Plate1.8	D8	8	D8	806rcbc715	8	PFF_Cecum	HET	F	No	Luminal_Colon
PFF_Cecum_35	35	AATACACTGTCC	TTTTTTTT	Plate1.8	D4	8	D4	806rcbc711	4	PFF_Cecum	MUT	F	No	Luminal_Colon
PFF_Cecum_36	36	GCCTATACTACA	TTTTTTTT	Plate1.8	D1	8	D1	806rcbc708	1	PFF_Cecum	HET	F	No	Luminal_Colon
PFF_Cecum_37	37	CCACACCTTCTG	TTTTTTTT	Plate1.8	E11	8	E11	806rcbc730	11	PFF_Cecum	MUT	F	No	Luminal_Colon
PFF_Colon_11	11	AGGGTTCCAGTT	TTTTTTTT	Plate1.8	C2	8	C2	806rcbc697	2	PFF_Colon	HET	M	Yes	Luminal_Colon
PFF_Colon_12	12	GTCGTTAAGCGT	TTTTTTTT	Plate1.8	C4	8	C4	806rcbc699	4	PFF_Colon	WT	M	Yes	Luminal_Colon
PFF_Colon_13	13	TTGTCAATTCGG	TTTTTTTT	Plate1.8	B4	8	B4	806rcbc687	4	PFF_Colon	WT	M	Yes	Luminal_Colon
PFF_Colon_14	14	TGTCCAGGTTTA	TTTTTTTT	Plate1.8	B3	8	B3	806rcbc686	3	PFF_Colon	WT	M	Yes	Luminal_Colon
PFF_Colon_15	15	TCTGACCAATAC	TTTTTTTT	Plate1.8	B12	8	B12	806rcbc695	12	PFF_Colon	MUT	M	Yes	Luminal_Colon
PFF_Colon_16	16	GGTCGGTAAGCT	TTTTTTTT	Plate1.8	C5	8	C5	806rcbc700	5	PFF_Colon	HET	M	Yes	Luminal_Colon
PFF_Colon_17	17	TGATGCTAACTC	TTTTTTTT	Plate1.8	C12	8	C12	806rcbc707	12	PFF_Colon	WT	F	Yes	Luminal_Colon
PFF_Colon_18	18	CGCTCTTTGTTC	TTTTTTTT	Plate1.8	A7	8	A7	806rcbc678	7	PFF_Colon	HET	F	Yes	Luminal_Colon
PFF_Colon_19	19	AGAGCGCCGTTA	TTTTTTTT	Plate1.8	A4	8	A4	806rcbc675	4	PFF_Colon	WT	F	Yes	Luminal_Colon
PFF_Colon_1904	1904	AGAACGACCACC	TTTTTTTT	Plate1.8	B6	8	B6	806rcbc689	6	PFF_Colon	MUT	M	Yes	Luminal_Colon
PFF_Colon_1906	1906	GCAGCCGAGTAT	TTTTTTTT	Plate1.8	C3	8	C3	806rcbc698	3	PFF_Colon	WT	M	Yes	Luminal_Colon
PFF_Colon_1907	1907	GGACTCAGCAAC	TTTTTTTT	Plate1.8	B9	8	B9	806rcbc692	9	PFF_Colon	HET	F	Yes	Luminal_Colon
PFF_Colon_1908	1908	GCCGCTTAATAG	TTTTTTTT	Plate1.8	A11	8	A11	806rcbc682	11	PFF_Colon	HET	F	Yes	Luminal_Colon
PFF_Colon_1910	1910	GCTAGATGCCAG	TTTTTTTT	Plate1.8	B5	8	B5	806rcbc688	5	PFF_Colon	MUT	F	Yes	Luminal_Colon
PFF_Colon_1913	1913	GGCGAATCTTGG	TTTTTTTT	Plate1.8	C10	8	C10	806rcbc705	10	PFF_Colon	MUT	M	Yes	Luminal_Colon
PFF_Colon_1914	1914	CGAATCGACACT	TTTTTTTT	Plate1.8	A10	8	A10	806rcbc681	10	PFF_Colon	WT	M	Yes	Luminal_Colon
PFF_Colon_1917	1917	GCTTGCGAGACA	TTTTTTTT	Plate1.8	C7	8	C7	806rcbc702	7	PFF_Colon	MUT	F	Yes	Luminal_Colon
PFF_Colon_1920	1920	TTAGCCCATAGT	TTTTTTTT	Plate1.8	B7	8	B7	806rcbc690	7	PFF_Colon	WT	F	Yes	Luminal_Colon
PFF_Colon_1921	1921	TATGACGGTTCT	TTTTTTTT	Plate1.8	C1	8	C1	806rcbc696	1	PFF_Colon	MUT	F	Yes	Luminal_Colon
PFF_Colon_1937	1937	GATATGCGGCTG	TTTTTTTT	Plate1.8	C8	8	C8	806rcbc703	8	PFF_Colon	WT	M	Yes	Luminal_Colon
PFF_Colon_1938	1938	TTAGTGCGTTTG	TTTTTTTT	Plate1.8	A6	8	A6	806rcbc677	6	PFF_Colon	HET	M	Yes	Luminal_Colon
PFF_Colon_1941	1941	AACTATAGCCCT	TTTTTTTT	Plate1.8	C6	8	C6	806rcbc701	6	PFF_Colon	WT	F	Yes	Luminal_Colon
PFF_Colon_1942	1942	CGAACTCAATGC	TTTTTTTT	Plate1.8	B8	8	B8	806rcbc691	8	PFF_Colon	HET	F	Yes	Luminal_Colon
PFF_Colon_1943	1943	TAAATCAGCCTC	TTTTTTTT	Plate1.8	C11	8	C11	806rcbc706	11	PFF_Colon	HET	M	Yes	Luminal_Colon
PFF_Colon_1944	1944	ATCCCTTGGTCC	TTTTTTTT	Plate1.8	B11	8	B11	806rcbc694	11	PFF_Colon	MUT	M	Yes	Luminal_Colon
PFF_Colon_1945	1945	GGTTCACCATAG	TTTTTTTT	Plate1.8	B10	8	B10	806rcbc693	10	PFF_Colon	HET	M	Yes	Luminal_Colon
PFF_Colon_1946	1946	ACATCACTTAGC	TTTTTTTT	Plate1.8	A8	8	A8	806rcbc679	8	PFF_Colon	MUT	F	Yes	Luminal_Colon
PFF_Colon_21	21	CACTTGTCCCTT	TTTTTTTT	Plate1.8	A9	8	A9	806rcbc680	9	PFF_Colon	MUT	M	Yes	Luminal_Colon
PFF_Colon_25	25	GTATGACTGGCT	TTTTTTTT	Plate1.8	A3	8	A3	806rcbc674	3	PFF_Colon	WT	F	Yes	Luminal_Colon
PFF_Colon_27	27	AGCAACGGACTC	TTTTTTTT	Plate1.8	B1	8	B1	806rcbc684	1	PFF_Colon	WT	F	Yes	Luminal_Colon
PFF_Colon_28	28	CGCAATCGGTAG	TTTTTTTT	Plate1.8	A1	8	A1	806rcbc672	1	PFF_Colon	HET	M	Yes	Luminal_Colon
PFF_Colon_30	30	AACAATGGTAGG	TTTTTTTT	Plate1.8	A12	8	A12	806rcbc683	12	PFF_Colon	MUT	M	Yes	Luminal_Colon
PFF_Colon_32	32	TGCGAACGTATC	TTTTTTTT	Plate1.8	C9	8	C9	806rcbc704	9	PFF_Colon	HET	F	Yes	Luminal_Colon
PFF_Colon_35	35	TCTCGAGCAAAC	TTTTTTTT	Plate1.8	A5	8	A5	806rcbc676	5	PFF_Colon	MUT	F	Yes	Luminal_Colon
PFF_Colon_36	36	TACCTTGGGTGA	TTTTTTTT	Plate1.8	A2	8	A2	806rcbc673	2	PFF_Colon	HET	F	Yes	Luminal_Colon
PFF_Colon_37	37	CGTACAGTTATC	TTTTTTTT	Plate1.8	B2	8	B2	806rcbc685	2	PFF_Colon	MUT	F	Yes	Luminal_Colon
PFF_Jejunum_11	11	CAACCTTTACAG	TTTTTTTT	Plate1.7	A9	7	A9	806rcbc584	9	PFF_Jejunum	HET	M	No	Jejunum
PFF_Jejunum_12	12	TAATAGGCCGCT	TTTTTTTT	Plate1.7	C11	7	C11	806rcbc610	11	PFF_Jejunum	WT	M	No	Jejunum
PFF_Jejunum_13	13	TTCAACAGGTGC	TTTTTTTT	Plate1.7	A6	7	A6	806rcbc581	6	PFF_Jejunum	WT	M	No	Jejunum
PFF_Jejunum_14	14	CGACTCCAAGAT	TTTTTTTT	Plate1.7	C7	7	C7	806rcbc606	7	PFF_Jejunum	WT	M	No	Jejunum
PFF_Jejunum_15	15	GAGACAGCTTGC	TTTTTTTT	Plate1.7	C10	7	C10	806rcbc609	10	PFF_Jejunum	MUT	M	No	Jejunum
PFF_Jejunum_16	16	CCTACGCCTCTA	TTTTTTTT	Plate1.7	B7	7	B7	806rcbc594	7	PFF_Jejunum	HET	M	No	Jejunum
PFF_Jejunum_17	17	ACTGTCGAAGCT	TTTTTTTT	Plate1.7	A3	7	A3	806rcbc578	3	PFF_Jejunum	WT	F	No	Jejunum
PFF_Jejunum_18	18	AGCGACTGTGCA	TTTTTTTT	Plate1.7	B1	7	B1	806rcbc588	1	PFF_Jejunum	HET	F	No	Jejunum
PFF_Jejunum_19	19	GACAAGGCTCCA	TTTTTTTT	Plate1.7	A1	7	A1	806rcbc576	1	PFF_Jejunum	WT	F	No	Jejunum
PFF_Jejunum_1904	1904	GTTGACGACAGC	TTTTTTTT	Plate1.7	B12	7	B12	806rcbc599	12	PFF_Jejunum	MUT	M	No	Jejunum
PFF_Jejunum_1906	1906	GTCAAGAACCTC	TTTTTTTT	Plate1.7	A8	7	A8	806rcbc583	8	PFF_Jejunum	WT	M	No	Jejunum
PFF_Jejunum_1908	1908	TGACGGACATCT	TTTTTTTT	Plate1.7	A5	7	A5	806rcbc580	5	PFF_Jejunum	HET	F	No	Jejunum
PFF_Jejunum_1910	1910	AGTTTCTCTAGG	TTTTTTTT	Plate1.7	A7	7	A7	806rcbc582	7	PFF_Jejunum	MUT	F	No	Jejunum
PFF_Jejunum_1913	1913	TCGAGACGCTTA	TTTTTTTT	Plate1.7	C3	7	C3	806rcbc602	3	PFF_Jejunum	MUT	M	No	Jejunum
PFF_Jejunum_1914	1914	AAGACCGGTGCT	TTTTTTTT	Plate1.7	C8	7	C8	806rcbc607	8	PFF_Jejunum	WT	M	No	Jejunum
PFF_Jejunum_1917	1917	GACAGCGTTGAC	TTTTTTTT	Plate1.7	B10	7	B10	806rcbc597	10	PFF_Jejunum	MUT	F	No	Jejunum
PFF_Jejunum_1920	1920	AATTTGATCCCG	TTTTTTTT	Plate1.7	C5	7	C5	806rcbc604	5	PFF_Jejunum	WT	F	No	Jejunum
PFF_Jejunum_1921	1921	ACACCCTCCTGT	TTTTTTTT	Plate1.7	B11	7	B11	806rcbc598	11	PFF_Jejunum	MUT	F	No	Jejunum
PFF_Jejunum_1937	1937	GGAGTCGGTCTA	TTTTTTTT	Plate1.7	B9	7	B9	806rcbc596	9	PFF_Jejunum	WT	M	No	Jejunum
PFF_Jejunum_1938	1938	TAACGGCGCTGA	TTTTTTTT	Plate1.7	B8	7	B8	806rcbc595	8	PFF_Jejunum	HET	M	No	Jejunum
PFF_Jejunum_1941	1941	AGGCTGATTTGC	TTTTTTTT	Plate1.7	C9	7	C9	806rcbc608	9	PFF_Jejunum	WT	F	No	Jejunum
PFF_Jejunum_1942	1942	GGTAGTTGAAGA	TTTTTTTT	Plate1.7	C12	7	C12	806rcbc611	12	PFF_Jejunum	HET	F	No	Jejunum
PFF_Jejunum_1943	1943	AATGGCCTCTAT	TTTTTTTT	Plate1.7	C1	7	C1	806rcbc600	1	PFF_Jejunum	HET	M	No	Jejunum
PFF_Jejunum_1944	1944	GTGTACCTATCA	TTTTTTTT	Plate1.7	B4	7	B4	806rcbc591	4	PFF_Jejunum	MUT	M	No	Jejunum
PFF_Jejunum_1945	1945	CATTCGATGACT	TTTTTTTT	Plate1.7	C6	7	C6	806rcbc605	6	PFF_Jejunum	HET	M	No	Jejunum
PFF_Jejunum_1946	1946	CTTGATGCGTAT	TTTTTTTT	Plate1.7	A4	7	A4	806rcbc579	4	PFF_Jejunum	MUT	F	No	Jejunum
PFF_Jejunum_21	21	GGTTTCAAGCTT	TTTTTTTT	Plate1.7	C2	7	C2	806rcbc601	2	PFF_Jejunum	MUT	M	No	Jejunum
PFF_Jejunum_25	25	CTCAATGACTCA	TTTTTTTT	Plate1.7	A10	7	A10	806rcbc585	10	PFF_Jejunum	WT	F	No	Jejunum
PFF_Jejunum_27	27	AGGATCCGCATG	TTTTTTTT	Plate1.7	B2	7	B2	806rcbc589	2	PFF_Jejunum	WT	F	No	Jejunum
PFF_Jejunum_28	28	TCGATGAACTCG	TTTTTTTT	Plate1.7	B5	7	B5	806rcbc592	5	PFF_Jejunum	HET	M	No	Jejunum
PFF_Jejunum_30	30	TTCTACGGAGCA	TTTTTTTT	Plate1.7	B3	7	B3	806rcbc590	3	PFF_Jejunum	MUT	M	No	Jejunum
PFF_Jejunum_32	32	ACTCTTCTAGAG	TTTTTTTT	Plate1.7	A12	7	A12	806rcbc587	12	PFF_Jejunum	HET	F	No	Jejunum
PFF_Jejunum_35	35	CCACGAAGCTAT	TTTTTTTT	Plate1.7	C4	7	C4	806rcbc603	4	PFF_Jejunum	MUT	F	No	Jejunum
PFF_Jejunum_36	36	GACAATCTGCTT	TTTTTTTT	Plate1.7	B6	7	B6	806rcbc593	6	PFF_Jejunum	HET	F	No	Jejunum
PFF_Jejunum_37	37	TGAACTGCCGTA	TTTTTTTT	Plate1.7	A11	7	A11	806rcbc586	11	PFF_Jejunum	MUT	F	No	Jejunum
